#
# There is insufficient memory for the Java Runtime Environment to continue.
# Native memory allocation (malloc) failed to allocate 1821616 bytes. Error detail: Chunk::new
# Possible reasons:
#   The system is out of physical RAM or swap space
#   This process is running with CompressedOops enabled, and the Java Heap may be blocking the growth of the native heap
# Possible solutions:
#   Reduce memory load on the system
#   Increase physical memory or swap space
#   Check if swap backing store is full
#   Decrease Java heap size (-Xmx/-Xms)
#   Decrease number of Java threads
#   Decrease Java thread stack sizes (-Xss)
#   Set larger code cache with -XX:ReservedCodeCacheSize=
#   JVM is running with Zero Based Compressed Oops mode in which the Java heap is
#     placed in the first 32GB address space. The Java Heap base address is the
#     maximum limit for the native heap growth. Please use -XX:HeapBaseMinAddress
#     to set the Java Heap base and to place the Java Heap above 32GB virtual address.
# This output file may be truncated or incomplete.
#
#  Out of Memory Error (arena.cpp:168), pid=26920, tid=19900
#
# JRE version: OpenJDK Runtime Environment (21.0.6) (build 21.0.6+-13368085-b895.109)
# Java VM: OpenJDK 64-Bit Server VM (21.0.6+-13368085-b895.109, mixed mode, tiered, compressed oops, compressed class ptrs, g1 gc, windows-amd64)
# No core dump will be written. Minidumps are not enabled by default on client versions of Windows
#

---------------  S U M M A R Y ------------

Command Line: --add-opens=java.base/java.lang=ALL-UNNAMED --add-opens=java.base/java.lang.invoke=ALL-UNNAMED --add-opens=java.base/java.util=ALL-UNNAMED --add-opens=java.prefs/java.util.prefs=ALL-UNNAMED --add-exports=jdk.compiler/com.sun.tools.javac.api=ALL-UNNAMED --add-exports=jdk.compiler/com.sun.tools.javac.util=ALL-UNNAMED --add-opens=java.base/java.util=ALL-UNNAMED --add-opens=java.prefs/java.util.prefs=ALL-UNNAMED --add-opens=java.base/java.nio.charset=ALL-UNNAMED --add-opens=java.base/java.net=ALL-UNNAMED --add-opens=java.base/java.util.concurrent.atomic=ALL-UNNAMED --add-opens=java.xml/javax.xml.namespace=ALL-UNNAMED -XX:MaxMetaspaceSize=1024m -XX:+HeapDumpOnOutOfMemoryError -Xmx6144m -Dfile.encoding=UTF-8 -Duser.country=IN -Duser.language=en -Duser.variant -javaagent:D:\gradle\wrapper\dists\gradle-8.11.1-bin\bpt9gzteqjrbo1mjrsomdt32c\gradle-8.11.1\lib\agents\gradle-instrumentation-agent-8.11.1.jar org.gradle.launcher.daemon.bootstrap.GradleDaemon 8.11.1

Host: 12th Gen Intel(R) Core(TM) i5-12450H, 12 cores, 15G,  Windows 11 , 64 bit Build 22621 (10.0.22621.5415)
Time: Mon Jun  1 21:18:16 2026 India Standard Time elapsed time: 3538.244292 seconds (0d 0h 58m 58s)

---------------  T H R E A D  ---------------

Current thread (0x000001d1181c1eb0):  JavaThread "C2 CompilerThread1" daemon [_thread_in_native, id=19900, stack(0x0000008842700000,0x0000008842800000) (1024K)]


Current CompileTask:
C2:3538244 79383       4       com.android.tools.r8.internal.K9::a (1721 bytes)

Stack: [0x0000008842700000,0x0000008842800000]
Native frames: (J=compiled Java code, j=interpreted, Vv=VM code, C=native code)
V  [jvm.dll+0x6d0639]
V  [jvm.dll+0x85eb03]
V  [jvm.dll+0x86105e]
V  [jvm.dll+0x861743]
V  [jvm.dll+0x27e6e6]
V  [jvm.dll+0xbff6d]
V  [jvm.dll+0xc04a3]
V  [jvm.dll+0x3b61ab]
V  [jvm.dll+0x3820c7]
V  [jvm.dll+0x38153a]
V  [jvm.dll+0x247c82]
V  [jvm.dll+0x247251]
V  [jvm.dll+0x1c5f04]
V  [jvm.dll+0x2569ac]
V  [jvm.dll+0x254ef6]
V  [jvm.dll+0x3f0e96]
V  [jvm.dll+0x806ed8]
V  [jvm.dll+0x6cef0d]
C  [ucrtbase.dll+0x29333]
C  [KERNEL32.DLL+0x1259d]
C  [ntdll.dll+0x5af78]


---------------  P R O C E S S  ---------------

Threads class SMR info:
_java_thread_list=0x000001d11740cb30, length=118, elements={
0x000001d15ce9ee30, 0x000001d179b85450, 0x000001d179b86360, 0x000001d179b93630,
0x000001d179b738e0, 0x000001d179b74550, 0x000001d179b9f1a0, 0x000001d179b9ff20,
0x000001d179ba09b0, 0x000001d179cc2c40, 0x000001d179edb940, 0x000001d100230660,
0x000001d100222b50, 0x000001d1003a6660, 0x000001d1003118e0, 0x000001d100313320,
0x000001d1003146d0, 0x000001d1003139b0, 0x000001d100312600, 0x000001d100a27e20,
0x000001d100a22f60, 0x000001d100a24310, 0x000001d100a26a70, 0x000001d100a20e90,
0x000001d100a23c80, 0x000001d100a263e0, 0x000001d100a27100, 0x000001d100a284b0,
0x000001d100a249a0, 0x000001d100a27790, 0x000001d100a25d50, 0x000001d100a25030,
0x000001d10c71ae40, 0x000001d115933420, 0x000001d115d2a440, 0x000001d10e668790,
0x000001d10e668e20, 0x000001d10e9f2040, 0x000001d114cda400, 0x000001d114cdaa90,
0x000001d114cdb120, 0x000001d114cdb7b0, 0x000001d114cd9050, 0x000001d116715560,
0x000001d116715bf0, 0x000001d116714840, 0x000001d11d2c2e40, 0x000001d11d2c34d0,
0x000001d11d2c0050, 0x000001d11d2c06e0, 0x000001d11d2c0d70, 0x000001d11d2c1400,
0x000001d11d2c2120, 0x000001d11d2c1a90, 0x000001d11d2c27b0, 0x000001d10ef6bf80,
0x000001d10ef6c610, 0x000001d10ef6b260, 0x000001d10ef6b8f0, 0x000001d10ef6cca0,
0x000001d10ef6d330, 0x000001d10ef6a540, 0x000001d10ef69eb0, 0x000001d10ef6abd0,
0x000001d117b7dc40, 0x000001d117b7bb70, 0x000001d117b7ae50, 0x000001d117b7b4e0,
0x000001d117b7cf20, 0x000001d1181c1eb0, 0x000001d1166c97a0, 0x000001d10dc17420,
0x000001d10dc16700, 0x000001d10dc18140, 0x000001d10dc194f0, 0x000001d10dc187d0,
0x000001d10dc18e60, 0x000001d10dc15350, 0x000001d10dc14cc0, 0x000001d10dc1a8a0,
0x000001d117b7c200, 0x000001d117b7c890, 0x000001d10dc1af30, 0x000001d117ae8860,
0x000001d117ae7b40, 0x000001d117ae9c10, 0x000001d117ae9580, 0x000001d117ae8ef0,
0x000001d117ae6e20, 0x000001d117ae81d0, 0x000001d117ae74b0, 0x000001d115071a90,
0x000001d1150706e0, 0x000001d115072120, 0x000001d1150727b0, 0x000001d115072e40,
0x000001d10e669b40, 0x000001d10e9f1320, 0x000001d115933ab0, 0x000001d116477850,
0x000001d116478c00, 0x000001d116479920, 0x000001d1164771c0, 0x000001d116479290,
0x000001d11647a640, 0x000001d116479fb0, 0x000001d1181c4e60, 0x000001d10dc19b80,
0x000001d10dc1c970, 0x000001d116478570, 0x000001d1152032c0, 0x000001d115203fe0,
0x000001d115204d00, 0x000001d115205390, 0x000001d115205a20, 0x000001d1152060b0,
0x000001d115203950, 0x000001d115206740
}
_to_delete_list=0x000001d11740b990, length=116, elements={
0x000001d15ce9ee30, 0x000001d179b85450, 0x000001d179b86360, 0x000001d179b93630,
0x000001d179b738e0, 0x000001d179b74550, 0x000001d179b9f1a0, 0x000001d179b9ff20,
0x000001d179ba09b0, 0x000001d179cc2c40, 0x000001d179edb940, 0x000001d100230660,
0x000001d100222b50, 0x000001d1003a6660, 0x000001d1003118e0, 0x000001d100313320,
0x000001d1003146d0, 0x000001d1003139b0, 0x000001d100312600, 0x000001d100a27e20,
0x000001d100a22f60, 0x000001d100a24310, 0x000001d100a26a70, 0x000001d100a20e90,
0x000001d100a23c80, 0x000001d100a263e0, 0x000001d100a27100, 0x000001d100a284b0,
0x000001d100a249a0, 0x000001d100a27790, 0x000001d100a25d50, 0x000001d100a25030,
0x000001d10c71ae40, 0x000001d115933420, 0x000001d115d2a440, 0x000001d10e668790,
0x000001d10e668e20, 0x000001d10e9f2040, 0x000001d114cda400, 0x000001d114cdaa90,
0x000001d114cdb120, 0x000001d114cdb7b0, 0x000001d114cd9050, 0x000001d116715560,
0x000001d116715bf0, 0x000001d116714840, 0x000001d11d2c2e40, 0x000001d11d2c34d0,
0x000001d11d2c0050, 0x000001d11d2c06e0, 0x000001d11d2c0d70, 0x000001d11d2c1400,
0x000001d11d2c2120, 0x000001d11d2c1a90, 0x000001d11d2c27b0, 0x000001d10ef6bf80,
0x000001d10ef6c610, 0x000001d10ef6b260, 0x000001d10ef6b8f0, 0x000001d10ef6cca0,
0x000001d10ef6d330, 0x000001d10ef6a540, 0x000001d10ef69eb0, 0x000001d10ef6abd0,
0x000001d117b7dc40, 0x000001d117b7bb70, 0x000001d117b7ae50, 0x000001d117b7b4e0,
0x000001d117b7cf20, 0x000001d1181c1eb0, 0x000001d1166c97a0, 0x000001d10dc17420,
0x000001d10dc16700, 0x000001d10dc18140, 0x000001d10dc194f0, 0x000001d10dc187d0,
0x000001d10dc18e60, 0x000001d10dc15350, 0x000001d10dc14cc0, 0x000001d10dc1a8a0,
0x000001d117b7c200, 0x000001d117b7c890, 0x000001d10dc1af30, 0x000001d117ae8860,
0x000001d117ae7b40, 0x000001d117ae9c10, 0x000001d117ae9580, 0x000001d117ae8ef0,
0x000001d117ae6e20, 0x000001d117ae81d0, 0x000001d117ae74b0, 0x000001d115071a90,
0x000001d1150706e0, 0x000001d115072120, 0x000001d1150727b0, 0x000001d115072e40,
0x000001d10e669b40, 0x000001d10e9f1320, 0x000001d115933ab0, 0x000001d116477850,
0x000001d116478c00, 0x000001d116479920, 0x000001d1164771c0, 0x000001d116479290,
0x000001d11647a640, 0x000001d116479fb0, 0x000001d1181c4e60, 0x000001d10dc19b80,
0x000001d10dc1c970, 0x000001d116478570, 0x000001d1152032c0, 0x000001d115203fe0,
0x000001d115204d00, 0x000001d115205390, 0x000001d115205a20, 0x000001d1152060b0
}

Java Threads: ( => current thread )
  0x000001d15ce9ee30 JavaThread "main"                              [_thread_blocked, id=18000, stack(0x000000883d400000,0x000000883d500000) (1024K)]
  0x000001d179b85450 JavaThread "Reference Handler"          daemon [_thread_blocked, id=24484, stack(0x000000883dc00000,0x000000883dd00000) (1024K)]
  0x000001d179b86360 JavaThread "Finalizer"                  daemon [_thread_blocked, id=27676, stack(0x000000883dd00000,0x000000883de00000) (1024K)]
  0x000001d179b93630 JavaThread "Signal Dispatcher"          daemon [_thread_blocked, id=6784, stack(0x000000883de00000,0x000000883df00000) (1024K)]
  0x000001d179b738e0 JavaThread "Attach Listener"            daemon [_thread_blocked, id=12748, stack(0x000000883df00000,0x000000883e000000) (1024K)]
  0x000001d179b74550 JavaThread "Service Thread"             daemon [_thread_blocked, id=22812, stack(0x000000883e000000,0x000000883e100000) (1024K)]
  0x000001d179b9f1a0 JavaThread "Monitor Deflation Thread"   daemon [_thread_blocked, id=22820, stack(0x000000883e100000,0x000000883e200000) (1024K)]
  0x000001d179b9ff20 JavaThread "C2 CompilerThread0"         daemon [_thread_in_native, id=11248, stack(0x000000883e200000,0x000000883e300000) (1024K)]
  0x000001d179ba09b0 JavaThread "C1 CompilerThread0"         daemon [_thread_blocked, id=20892, stack(0x000000883e300000,0x000000883e400000) (1024K)]
  0x000001d179cc2c40 JavaThread "Common-Cleaner"             daemon [_thread_blocked, id=19620, stack(0x000000883e400000,0x000000883e500000) (1024K)]
  0x000001d179edb940 JavaThread "Notification Thread"        daemon [_thread_blocked, id=12532, stack(0x000000883e500000,0x000000883e600000) (1024K)]
  0x000001d100230660 JavaThread "Daemon health stats"               [_thread_blocked, id=26084, stack(0x000000883ed00000,0x000000883ee00000) (1024K)]
  0x000001d100222b50 JavaThread "Incoming local TCP Connector on port 51807"        [_thread_in_native, id=15100, stack(0x000000883f100000,0x000000883f200000) (1024K)]
  0x000001d1003a6660 JavaThread "Daemon periodic checks"            [_thread_blocked, id=24476, stack(0x000000883f200000,0x000000883f300000) (1024K)]
  0x000001d1003118e0 JavaThread "Cache worker for journal cache (D:\gradle\caches\journal-1)"        [_thread_blocked, id=8764, stack(0x000000883e700000,0x000000883e800000) (1024K)]
  0x000001d100313320 JavaThread "File lock request listener"        [_thread_in_native, id=22608, stack(0x000000883fd00000,0x000000883fe00000) (1024K)]
  0x000001d1003146d0 JavaThread "Cache worker for file hash cache (D:\gradle\caches\8.11.1\fileHashes)"        [_thread_blocked, id=9764, stack(0x000000883fe00000,0x000000883ff00000) (1024K)]
  0x000001d1003139b0 JavaThread "Cache worker for file content cache (D:\gradle\caches\8.11.1\fileContent)"        [_thread_blocked, id=16400, stack(0x000000883ff00000,0x0000008840000000) (1024K)]
  0x000001d100312600 JavaThread "File watcher server"        daemon [_thread_in_native, id=25592, stack(0x0000008840300000,0x0000008840400000) (1024K)]
  0x000001d100a27e20 JavaThread "File watcher consumer"      daemon [_thread_blocked, id=13792, stack(0x0000008840400000,0x0000008840500000) (1024K)]
  0x000001d100a22f60 JavaThread "jar transforms"                    [_thread_blocked, id=25248, stack(0x0000008840500000,0x0000008840600000) (1024K)]
  0x000001d100a24310 JavaThread "jar transforms Thread 2"           [_thread_blocked, id=1808, stack(0x0000008840600000,0x0000008840700000) (1024K)]
  0x000001d100a26a70 JavaThread "jar transforms Thread 3"           [_thread_blocked, id=18512, stack(0x0000008840700000,0x0000008840800000) (1024K)]
  0x000001d100a20e90 JavaThread "jar transforms Thread 4"           [_thread_blocked, id=25560, stack(0x0000008840800000,0x0000008840900000) (1024K)]
  0x000001d100a23c80 JavaThread "jar transforms Thread 5"           [_thread_blocked, id=25332, stack(0x0000008840900000,0x0000008840a00000) (1024K)]
  0x000001d100a263e0 JavaThread "jar transforms Thread 6"           [_thread_blocked, id=17364, stack(0x0000008840a00000,0x0000008840b00000) (1024K)]
  0x000001d100a27100 JavaThread "jar transforms Thread 7"           [_thread_blocked, id=25240, stack(0x0000008840b00000,0x0000008840c00000) (1024K)]
  0x000001d100a284b0 JavaThread "jar transforms Thread 8"           [_thread_blocked, id=18460, stack(0x0000008840c00000,0x0000008840d00000) (1024K)]
  0x000001d100a249a0 JavaThread "jar transforms Thread 9"           [_thread_blocked, id=10160, stack(0x0000008840d00000,0x0000008840e00000) (1024K)]
  0x000001d100a27790 JavaThread "jar transforms Thread 10"          [_thread_blocked, id=22840, stack(0x0000008840e00000,0x0000008840f00000) (1024K)]
  0x000001d100a25d50 JavaThread "jar transforms Thread 11"          [_thread_blocked, id=23244, stack(0x0000008840f00000,0x0000008841000000) (1024K)]
  0x000001d100a25030 JavaThread "jar transforms Thread 12"          [_thread_blocked, id=3456, stack(0x0000008841000000,0x0000008841100000) (1024K)]
  0x000001d10c71ae40 JavaThread "Memory manager"                    [_thread_blocked, id=18252, stack(0x000000883e600000,0x000000883e700000) (1024K)]
  0x000001d115933420 JavaThread "Cache worker for Java compile cache (D:\gradle\caches\8.11.1\javaCompile)"        [_thread_blocked, id=23160, stack(0x0000008845000000,0x0000008845100000) (1024K)]
  0x000001d115d2a440 JavaThread "Daemon Thread 20"                  [_thread_blocked, id=25080, stack(0x000000883d100000,0x000000883d200000) (1024K)]
  0x000001d10e668790 JavaThread "Handler for socket connection from /127.0.0.1:51807 to /127.0.0.1:61081"        [_thread_in_native, id=5452, stack(0x000000883d200000,0x000000883d300000) (1024K)]
  0x000001d10e668e20 JavaThread "Cancel handler"                    [_thread_blocked, id=18360, stack(0x000000883d300000,0x000000883d400000) (1024K)]
  0x000001d10e9f2040 JavaThread "Daemon worker Thread 20"           [_thread_blocked, id=23860, stack(0x000000883f300000,0x000000883f400000) (1024K)]
  0x000001d114cda400 JavaThread "Asynchronous log dispatcher for DefaultDaemonConnection: socket connection from /127.0.0.1:51807 to /127.0.0.1:61081"        [_thread_blocked, id=14140, stack(0x000000883f400000,0x000000883f500000) (1024K)]
  0x000001d114cdaa90 JavaThread "Stdin handler"                     [_thread_blocked, id=14708, stack(0x000000883f500000,0x000000883f600000) (1024K)]
  0x000001d114cdb120 JavaThread "Daemon client event forwarder"        [_thread_blocked, id=6424, stack(0x000000883f600000,0x000000883f700000) (1024K)]
  0x000001d114cdb7b0 JavaThread "Cache worker for file hash cache (D:\Sanjay\Godot Assets Website\My Apps\notifyall\.gradle\8.11.1\fileHashes)"        [_thread_blocked, id=16004, stack(0x000000883f700000,0x000000883f800000) (1024K)]
  0x000001d114cd9050 JavaThread "Cache worker for Build Output Cleanup Cache (D:\Sanjay\Godot Assets Website\My Apps\notifyall\.gradle\buildOutputCleanup)"        [_thread_blocked, id=25236, stack(0x000000883f800000,0x000000883f900000) (1024K)]
  0x000001d116715560 JavaThread "Cache worker for checksums cache (D:\Sanjay\Godot Assets Website\My Apps\notifyall\.gradle\8.11.1\checksums)"        [_thread_blocked, id=16584, stack(0x000000883f900000,0x000000883fa00000) (1024K)]
  0x000001d116715bf0 JavaThread "Cache worker for cache directory md-rule (D:\gradle\caches\8.11.1\md-rule)"        [_thread_blocked, id=756, stack(0x0000008840000000,0x0000008840100000) (1024K)]
  0x000001d116714840 JavaThread "Cache worker for cache directory md-supplier (D:\gradle\caches\8.11.1\md-supplier)"        [_thread_blocked, id=10180, stack(0x0000008840100000,0x0000008840200000) (1024K)]
  0x000001d11d2c2e40 JavaThread "Unconstrained build operations"        [_thread_blocked, id=14504, stack(0x0000008840200000,0x0000008840300000) (1024K)]
  0x000001d11d2c34d0 JavaThread "Unconstrained build operations Thread 2"        [_thread_blocked, id=4576, stack(0x0000008841100000,0x0000008841200000) (1024K)]
  0x000001d11d2c0050 JavaThread "Unconstrained build operations Thread 3"        [_thread_blocked, id=26668, stack(0x0000008841200000,0x0000008841300000) (1024K)]
  0x000001d11d2c06e0 JavaThread "Unconstrained build operations Thread 4"        [_thread_blocked, id=14604, stack(0x0000008841300000,0x0000008841400000) (1024K)]
  0x000001d11d2c0d70 JavaThread "Unconstrained build operations Thread 5"        [_thread_blocked, id=8124, stack(0x0000008841400000,0x0000008841500000) (1024K)]
  0x000001d11d2c1400 JavaThread "Unconstrained build operations Thread 6"        [_thread_blocked, id=17280, stack(0x0000008841500000,0x0000008841600000) (1024K)]
  0x000001d11d2c2120 JavaThread "Unconstrained build operations Thread 7"        [_thread_blocked, id=25844, stack(0x0000008841600000,0x0000008841700000) (1024K)]
  0x000001d11d2c1a90 JavaThread "Unconstrained build operations Thread 8"        [_thread_blocked, id=22128, stack(0x0000008841700000,0x0000008841800000) (1024K)]
  0x000001d11d2c27b0 JavaThread "Unconstrained build operations Thread 9"        [_thread_blocked, id=2624, stack(0x0000008841800000,0x0000008841900000) (1024K)]
  0x000001d10ef6bf80 JavaThread "Unconstrained build operations Thread 10"        [_thread_blocked, id=24556, stack(0x0000008841900000,0x0000008841a00000) (1024K)]
  0x000001d10ef6c610 JavaThread "Unconstrained build operations Thread 11"        [_thread_blocked, id=17172, stack(0x0000008841a00000,0x0000008841b00000) (1024K)]
  0x000001d10ef6b260 JavaThread "Unconstrained build operations Thread 12"        [_thread_blocked, id=12764, stack(0x0000008841b00000,0x0000008841c00000) (1024K)]
  0x000001d10ef6b8f0 JavaThread "Unconstrained build operations Thread 13"        [_thread_blocked, id=16036, stack(0x0000008841c00000,0x0000008841d00000) (1024K)]
  0x000001d10ef6cca0 JavaThread "Unconstrained build operations Thread 14"        [_thread_blocked, id=16040, stack(0x0000008841d00000,0x0000008841e00000) (1024K)]
  0x000001d10ef6d330 JavaThread "Unconstrained build operations Thread 15"        [_thread_blocked, id=22604, stack(0x0000008841e00000,0x0000008841f00000) (1024K)]
  0x000001d10ef6a540 JavaThread "Unconstrained build operations Thread 16"        [_thread_blocked, id=24236, stack(0x0000008841f00000,0x0000008842000000) (1024K)]
  0x000001d10ef69eb0 JavaThread "Unconstrained build operations Thread 17"        [_thread_blocked, id=15384, stack(0x0000008842000000,0x0000008842100000) (1024K)]
  0x000001d10ef6abd0 JavaThread "Unconstrained build operations Thread 18"        [_thread_blocked, id=15120, stack(0x0000008842100000,0x0000008842200000) (1024K)]
  0x000001d117b7dc40 JavaThread "Unconstrained build operations Thread 19"        [_thread_blocked, id=22504, stack(0x0000008842200000,0x0000008842300000) (1024K)]
  0x000001d117b7bb70 JavaThread "Unconstrained build operations Thread 20"        [_thread_blocked, id=20132, stack(0x0000008842300000,0x0000008842400000) (1024K)]
  0x000001d117b7ae50 JavaThread "Unconstrained build operations Thread 21"        [_thread_blocked, id=12440, stack(0x0000008842400000,0x0000008842500000) (1024K)]
  0x000001d117b7b4e0 JavaThread "Unconstrained build operations Thread 22"        [_thread_blocked, id=26164, stack(0x0000008842500000,0x0000008842600000) (1024K)]
  0x000001d117b7cf20 JavaThread "build event listener"              [_thread_blocked, id=22272, stack(0x0000008842600000,0x0000008842700000) (1024K)]
=>0x000001d1181c1eb0 JavaThread "C2 CompilerThread1"         daemon [_thread_in_native, id=19900, stack(0x0000008842700000,0x0000008842800000) (1024K)]
  0x000001d1166c97a0 JavaThread "included builds"                   [_thread_blocked, id=9212, stack(0x0000008842900000,0x0000008842a00000) (1024K)]
  0x000001d10dc17420 JavaThread "Execution worker"                  [_thread_blocked, id=23804, stack(0x0000008842a00000,0x0000008842b00000) (1024K)]
  0x000001d10dc16700 JavaThread "Execution worker Thread 2"         [_thread_blocked, id=7752, stack(0x0000008842b00000,0x0000008842c00000) (1024K)]
  0x000001d10dc18140 JavaThread "Execution worker Thread 3"         [_thread_blocked, id=3296, stack(0x0000008842c00000,0x0000008842d00000) (1024K)]
  0x000001d10dc194f0 JavaThread "Execution worker Thread 4"         [_thread_blocked, id=27520, stack(0x0000008842d00000,0x0000008842e00000) (1024K)]
  0x000001d10dc187d0 JavaThread "Execution worker Thread 5"         [_thread_blocked, id=11928, stack(0x0000008842e00000,0x0000008842f00000) (1024K)]
  0x000001d10dc18e60 JavaThread "Execution worker Thread 6"         [_thread_blocked, id=23380, stack(0x0000008842f00000,0x0000008843000000) (1024K)]
  0x000001d10dc15350 JavaThread "Execution worker Thread 7"         [_thread_blocked, id=1636, stack(0x0000008843000000,0x0000008843100000) (1024K)]
  0x000001d10dc14cc0 JavaThread "Execution worker Thread 8"         [_thread_blocked, id=15508, stack(0x0000008843100000,0x0000008843200000) (1024K)]
  0x000001d10dc1a8a0 JavaThread "Execution worker Thread 9"         [_thread_in_Java, id=2132, stack(0x0000008843200000,0x0000008843300000) (1024K)]
  0x000001d117b7c200 JavaThread "Execution worker Thread 10"        [_thread_blocked, id=14428, stack(0x0000008843300000,0x0000008843400000) (1024K)]
  0x000001d117b7c890 JavaThread "Execution worker Thread 11"        [_thread_blocked, id=5448, stack(0x0000008843400000,0x0000008843500000) (1024K)]
  0x000001d10dc1af30 JavaThread "Cache worker for execution history cache (D:\Sanjay\Godot Assets Website\My Apps\notifyall\.gradle\8.11.1\executionHistory)"        [_thread_blocked, id=12616, stack(0x0000008843500000,0x0000008843600000) (1024K)]
  0x000001d117ae8860 JavaThread "WorkerExecutor Queue"              [_thread_blocked, id=25764, stack(0x0000008843600000,0x0000008843700000) (1024K)]
  0x000001d117ae7b40 JavaThread "WorkerExecutor Queue Thread 2"        [_thread_blocked, id=18720, stack(0x0000008843700000,0x0000008843800000) (1024K)]
  0x000001d117ae9c10 JavaThread "Unconstrained build operations Thread 23"        [_thread_blocked, id=23328, stack(0x0000008843800000,0x0000008843900000) (1024K)]
  0x000001d117ae9580 JavaThread "Unconstrained build operations Thread 24"        [_thread_blocked, id=11844, stack(0x0000008843900000,0x0000008843a00000) (1024K)]
  0x000001d117ae8ef0 JavaThread "Unconstrained build operations Thread 25"        [_thread_blocked, id=21884, stack(0x0000008843a00000,0x0000008843b00000) (1024K)]
  0x000001d117ae6e20 JavaThread "Unconstrained build operations Thread 26"        [_thread_blocked, id=22052, stack(0x0000008843b00000,0x0000008843c00000) (1024K)]
  0x000001d117ae81d0 JavaThread "Unconstrained build operations Thread 27"        [_thread_blocked, id=26000, stack(0x0000008843c00000,0x0000008843d00000) (1024K)]
  0x000001d117ae74b0 JavaThread "Unconstrained build operations Thread 28"        [_thread_blocked, id=26716, stack(0x0000008843d00000,0x0000008843e00000) (1024K)]
  0x000001d115071a90 JavaThread "Unconstrained build operations Thread 29"        [_thread_blocked, id=9328, stack(0x0000008843e00000,0x0000008843f00000) (1024K)]
  0x000001d1150706e0 JavaThread "Unconstrained build operations Thread 30"        [_thread_blocked, id=21512, stack(0x0000008843f00000,0x0000008844000000) (1024K)]
  0x000001d115072120 JavaThread "Unconstrained build operations Thread 31"        [_thread_blocked, id=12884, stack(0x0000008844000000,0x0000008844100000) (1024K)]
  0x000001d1150727b0 JavaThread "Unconstrained build operations Thread 32"        [_thread_blocked, id=19896, stack(0x0000008844100000,0x0000008844200000) (1024K)]
  0x000001d115072e40 JavaThread "Unconstrained build operations Thread 33"        [_thread_blocked, id=2192, stack(0x0000008844200000,0x0000008844300000) (1024K)]
  0x000001d10e669b40 JavaThread "WorkerExecutor Queue Thread 3"        [_thread_blocked, id=14092, stack(0x0000008844300000,0x0000008844400000) (1024K)]
  0x000001d10e9f1320 JavaThread "WorkerExecutor Queue Thread 4"        [_thread_blocked, id=22600, stack(0x0000008844400000,0x0000008844500000) (1024K)]
  0x000001d115933ab0 JavaThread "WorkerExecutor Queue Thread 5"        [_thread_blocked, id=19416, stack(0x0000008844500000,0x0000008844600000) (1024K)]
  0x000001d116477850 JavaThread "WorkerExecutor Queue Thread 6"        [_thread_blocked, id=21256, stack(0x0000008842800000,0x0000008842900000) (1024K)]
  0x000001d116478c00 JavaThread "WorkerExecutor Queue Thread 7"        [_thread_blocked, id=4660, stack(0x0000008844600000,0x0000008844700000) (1024K)]
  0x000001d116479920 JavaThread "WorkerExecutor Queue Thread 8"        [_thread_blocked, id=22036, stack(0x0000008844700000,0x0000008844800000) (1024K)]
  0x000001d1164771c0 JavaThread "WorkerExecutor Queue Thread 9"        [_thread_blocked, id=2480, stack(0x0000008844800000,0x0000008844900000) (1024K)]
  0x000001d116479290 JavaThread "WorkerExecutor Queue Thread 10"        [_thread_blocked, id=26852, stack(0x0000008844900000,0x0000008844a00000) (1024K)]
  0x000001d11647a640 JavaThread "WorkerExecutor Queue Thread 11"        [_thread_blocked, id=22412, stack(0x0000008844a00000,0x0000008844b00000) (1024K)]
  0x000001d116479fb0 JavaThread "WorkerExecutor Queue Thread 12"        [_thread_blocked, id=20612, stack(0x0000008844b00000,0x0000008844c00000) (1024K)]
  0x000001d1181c4e60 JavaThread "C2 CompilerThread2"         daemon [_thread_in_native, id=21688, stack(0x0000008844c00000,0x0000008844d00000) (1024K)]
  0x000001d10dc19b80 JavaThread "Unconstrained build operations Thread 34"        [_thread_in_Java, id=23952, stack(0x0000008844d00000,0x0000008844e00000) (1024K)]
  0x000001d10dc1c970 JavaThread "Unconstrained build operations Thread 35"        [_thread_in_Java, id=13004, stack(0x0000008844e00000,0x0000008844f00000) (1024K)]
  0x000001d116478570 JavaThread "Unconstrained build operations Thread 36"        [_thread_blocked, id=14804, stack(0x0000008844f00000,0x0000008845000000) (1024K)]
  0x000001d1152032c0 JavaThread "Unconstrained build operations Thread 37"        [_thread_in_Java, id=328, stack(0x0000008845100000,0x0000008845200000) (1024K)]
  0x000001d115203fe0 JavaThread "Unconstrained build operations Thread 38"        [_thread_in_Java, id=27268, stack(0x0000008845200000,0x0000008845300000) (1024K)]
  0x000001d115204d00 JavaThread "Unconstrained build operations Thread 39"        [_thread_blocked, id=28076, stack(0x0000008845300000,0x0000008845400000) (1024K)]
  0x000001d115205390 JavaThread "Unconstrained build operations Thread 40"        [_thread_in_Java, id=8600, stack(0x0000008845400000,0x0000008845500000) (1024K)]
  0x000001d115205a20 JavaThread "Unconstrained build operations Thread 41"        [_thread_blocked, id=14292, stack(0x0000008845500000,0x0000008845600000) (1024K)]
  0x000001d1152060b0 JavaThread "Unconstrained build operations Thread 42"        [_thread_blocked, id=23332, stack(0x0000008845600000,0x0000008845700000) (1024K)]
  0x000001d115203950 JavaThread "Unconstrained build operations Thread 43"        [_thread_blocked, id=14688, stack(0x0000008845700000,0x0000008845800000) (1024K)]
  0x000001d115206740 JavaThread "Unconstrained build operations Thread 44"        [_thread_blocked, id=27116, stack(0x0000008845800000,0x0000008845900000) (1024K)]
Total: 118

Other Threads:
  0x000001d1799de100 VMThread "VM Thread"                           [id=6744, stack(0x000000883db00000,0x000000883dc00000) (1024K)]
  0x000001d179957c00 WatcherThread "VM Periodic Task Thread"        [id=7944, stack(0x000000883da00000,0x000000883db00000) (1024K)]
  0x000001d15cf24e80 WorkerThread "GC Thread#0"                     [id=28524, stack(0x000000883d500000,0x000000883d600000) (1024K)]
  0x000001d17e26d880 WorkerThread "GC Thread#1"                     [id=4104, stack(0x000000883e800000,0x000000883e900000) (1024K)]
  0x000001d17e0cc610 WorkerThread "GC Thread#2"                     [id=20900, stack(0x000000883e900000,0x000000883ea00000) (1024K)]
  0x000001d17e261430 WorkerThread "GC Thread#3"                     [id=9852, stack(0x000000883ea00000,0x000000883eb00000) (1024K)]
  0x000001d17e63b650 WorkerThread "GC Thread#4"                     [id=11188, stack(0x000000883eb00000,0x000000883ec00000) (1024K)]
  0x000001d17e423330 WorkerThread "GC Thread#5"                     [id=25060, stack(0x000000883ec00000,0x000000883ed00000) (1024K)]
  0x000001d17e423a70 WorkerThread "GC Thread#6"                     [id=25232, stack(0x000000883ee00000,0x000000883ef00000) (1024K)]
  0x000001d17e4241b0 WorkerThread "GC Thread#7"                     [id=13292, stack(0x000000883ef00000,0x000000883f000000) (1024K)]
  0x000001d17e424550 WorkerThread "GC Thread#8"                     [id=20580, stack(0x000000883f000000,0x000000883f100000) (1024K)]
  0x000001d100336b40 WorkerThread "GC Thread#9"                     [id=13924, stack(0x000000883fa00000,0x000000883fb00000) (1024K)]
  0x000001d15cf31e60 ConcurrentGCThread "G1 Main Marker"            [id=8348, stack(0x000000883d600000,0x000000883d700000) (1024K)]
  0x000001d15cf32ad0 WorkerThread "G1 Conc#0"                       [id=18328, stack(0x000000883d700000,0x000000883d800000) (1024K)]
  0x000001d100336060 WorkerThread "G1 Conc#1"                       [id=8476, stack(0x000000883fb00000,0x000000883fc00000) (1024K)]
  0x000001d100336400 WorkerThread "G1 Conc#2"                       [id=17892, stack(0x000000883fc00000,0x000000883fd00000) (1024K)]
  0x000001d17982afe0 ConcurrentGCThread "G1 Refine#0"               [id=20348, stack(0x000000883d800000,0x000000883d900000) (1024K)]
  0x000001d17982bb50 ConcurrentGCThread "G1 Service"                [id=11556, stack(0x000000883d900000,0x000000883da00000) (1024K)]
Total: 18

Threads with active compile tasks:
C2 CompilerThread0  3538282 79393 %     4       com.android.tools.r8.internal.cB::a @ 2257 (3868 bytes)
C2 CompilerThread1  3538282 79383       4       com.android.tools.r8.internal.K9::a (1721 bytes)
C2 CompilerThread2  3538282 79368       4       com.android.tools.r8.internal.oS::a (3207 bytes)
Total: 3

VM state: not at safepoint (normal execution)

VM Mutex/Monitor currently owned by a thread: None

Heap address: 0x0000000680000000, size: 6144 MB, Compressed Oops mode: Zero based, Oop shift amount: 3

CDS archive(s) not mapped
Compressed class space mapped at: 0x0000000800000000-0x0000000834000000, reserved size: 872415232
Narrow klass base: 0x0000000800000000, Narrow klass shift: 0, Narrow klass range: 0x34000000

GC Precious Log:
 CardTable entry size: 512
 Card Set container configuration: InlinePtr #cards 4 size 8 Array Of Cards #cards 32 size 80 Howl #buckets 8 coarsen threshold 7372 Howl Bitmap #cards 1024 size 144 coarsen threshold 921 Card regions per heap region 1 cards per card region 8192
 CPUs: 12 total, 12 available
 Memory: 16052M
 Large Page Support: Disabled
 NUMA Support: Disabled
 Compressed Oops: Enabled (Zero based)
 Heap Region Size: 4M
 Heap Min Capacity: 8M
 Heap Initial Capacity: 252M
 Heap Max Capacity: 6G
 Pre-touch: Disabled
 Parallel Workers: 10
 Concurrent Workers: 3
 Concurrent Refinement Workers: 10
 Periodic GC: Disabled

Heap:
 garbage-first heap   total 1298432K, used 448658K [0x0000000680000000, 0x0000000800000000)
  region size 4096K, 26 young (106496K), 13 survivors (53248K)
 Metaspace       used 284290K, committed 288768K, reserved 1114112K
  class space    used 35366K, committed 37504K, reserved 851968K

Heap Regions: E=young(eden), S=young(survivor), O=old, HS=humongous(starts), HC=humongous(continues), CS=collection set, F=free, TAMS=top-at-mark-start, PB=parsable bottom
|   0|0x0000000680000000, 0x0000000680400000, 0x0000000680400000|100%|HS|  |TAMS 0x0000000680000000| PB 0x0000000680000000| Complete 
|   1|0x0000000680400000, 0x0000000680800000, 0x0000000680800000|100%| O|  |TAMS 0x0000000680400000| PB 0x0000000680400000| Untracked 
|   2|0x0000000680800000, 0x0000000680c00000, 0x0000000680c00000|100%| O|  |TAMS 0x0000000680800000| PB 0x0000000680800000| Untracked 
|   3|0x0000000680c00000, 0x0000000681000000, 0x0000000681000000|100%|HS|  |TAMS 0x0000000680c00000| PB 0x0000000680c00000| Complete 
|   4|0x0000000681000000, 0x0000000681400000, 0x0000000681400000|100%|HC|  |TAMS 0x0000000681000000| PB 0x0000000681000000| Complete 
|   5|0x0000000681400000, 0x0000000681800000, 0x0000000681800000|100%|HS|  |TAMS 0x0000000681400000| PB 0x0000000681400000| Complete 
|   6|0x0000000681800000, 0x0000000681c00000, 0x0000000681c00000|100%| O|  |TAMS 0x0000000681800000| PB 0x0000000681800000| Untracked 
|   7|0x0000000681c00000, 0x0000000682000000, 0x0000000682000000|100%| O|  |TAMS 0x0000000681c00000| PB 0x0000000681c00000| Untracked 
|   8|0x0000000682000000, 0x0000000682400000, 0x0000000682400000|100%| O|  |TAMS 0x0000000682000000| PB 0x0000000682000000| Untracked 
|   9|0x0000000682400000, 0x0000000682800000, 0x0000000682800000|100%| O|  |TAMS 0x0000000682400000| PB 0x0000000682400000| Untracked 
|  10|0x0000000682800000, 0x0000000682c00000, 0x0000000682c00000|100%| O|  |TAMS 0x0000000682800000| PB 0x0000000682800000| Untracked 
|  11|0x0000000682c00000, 0x0000000683000000, 0x0000000683000000|100%|HS|  |TAMS 0x0000000682c00000| PB 0x0000000682c00000| Complete 
|  12|0x0000000683000000, 0x0000000683400000, 0x0000000683400000|100%|HC|  |TAMS 0x0000000683000000| PB 0x0000000683000000| Complete 
|  13|0x0000000683400000, 0x0000000683800000, 0x0000000683800000|100%|HS|  |TAMS 0x0000000683400000| PB 0x0000000683400000| Complete 
|  14|0x0000000683800000, 0x0000000683c00000, 0x0000000683c00000|100%|HC|  |TAMS 0x0000000683800000| PB 0x0000000683800000| Complete 
|  15|0x0000000683c00000, 0x0000000684000000, 0x0000000684000000|100%| O|  |TAMS 0x0000000683c00000| PB 0x0000000683c00000| Untracked 
|  16|0x0000000684000000, 0x0000000684400000, 0x0000000684400000|100%| O|  |TAMS 0x0000000684000000| PB 0x0000000684000000| Untracked 
|  17|0x0000000684400000, 0x0000000684800000, 0x0000000684800000|100%| O|  |TAMS 0x0000000684400000| PB 0x0000000684400000| Untracked 
|  18|0x0000000684800000, 0x0000000684c00000, 0x0000000684c00000|100%| O|  |TAMS 0x0000000684800000| PB 0x0000000684800000| Untracked 
|  19|0x0000000684c00000, 0x0000000685000000, 0x0000000685000000|100%| O|  |TAMS 0x0000000684c00000| PB 0x0000000684c00000| Untracked 
|  20|0x0000000685000000, 0x0000000685400000, 0x0000000685400000|100%| O|  |TAMS 0x0000000685000000| PB 0x0000000685000000| Untracked 
|  21|0x0000000685400000, 0x0000000685800000, 0x0000000685800000|100%| O|  |TAMS 0x0000000685400000| PB 0x0000000685400000| Untracked 
|  22|0x0000000685800000, 0x0000000685c00000, 0x0000000685c00000|100%|HS|  |TAMS 0x0000000685800000| PB 0x0000000685800000| Complete 
|  23|0x0000000685c00000, 0x0000000686000000, 0x0000000686000000|100%|HC|  |TAMS 0x0000000685c00000| PB 0x0000000685c00000| Complete 
|  24|0x0000000686000000, 0x0000000686400000, 0x0000000686400000|100%| O|  |TAMS 0x0000000686000000| PB 0x0000000686000000| Untracked 
|  25|0x0000000686400000, 0x0000000686800000, 0x0000000686800000|100%| O|  |TAMS 0x0000000686400000| PB 0x0000000686400000| Untracked 
|  26|0x0000000686800000, 0x0000000686c00000, 0x0000000686c00000|100%| O|  |TAMS 0x0000000686800000| PB 0x0000000686800000| Untracked 
|  27|0x0000000686c00000, 0x0000000687000000, 0x0000000687000000|100%| O|  |TAMS 0x0000000686c00000| PB 0x0000000686c00000| Untracked 
|  28|0x0000000687000000, 0x0000000687400000, 0x0000000687400000|100%| O|  |TAMS 0x0000000687000000| PB 0x0000000687000000| Untracked 
|  29|0x0000000687400000, 0x0000000687800000, 0x0000000687800000|100%| O|  |TAMS 0x0000000687400000| PB 0x0000000687400000| Untracked 
|  30|0x0000000687800000, 0x0000000687c00000, 0x0000000687c00000|100%|HS|  |TAMS 0x0000000687800000| PB 0x0000000687800000| Complete 
|  31|0x0000000687c00000, 0x0000000688000000, 0x0000000688000000|100%| O|  |TAMS 0x0000000687c00000| PB 0x0000000687c00000| Untracked 
|  32|0x0000000688000000, 0x0000000688400000, 0x0000000688400000|100%| O|  |TAMS 0x0000000688000000| PB 0x0000000688000000| Untracked 
|  33|0x0000000688400000, 0x0000000688800000, 0x0000000688800000|100%| O|  |TAMS 0x0000000688400000| PB 0x0000000688400000| Untracked 
|  34|0x0000000688800000, 0x0000000688c00000, 0x0000000688c00000|100%| O|  |TAMS 0x0000000688800000| PB 0x0000000688800000| Untracked 
|  35|0x0000000688c00000, 0x0000000689000000, 0x0000000689000000|100%| O|  |TAMS 0x0000000688c00000| PB 0x0000000688c00000| Untracked 
|  36|0x0000000689000000, 0x0000000689400000, 0x0000000689400000|100%| O|  |TAMS 0x0000000689000000| PB 0x0000000689000000| Untracked 
|  37|0x0000000689400000, 0x0000000689800000, 0x0000000689800000|100%| O|  |TAMS 0x0000000689400000| PB 0x0000000689400000| Untracked 
|  38|0x0000000689800000, 0x0000000689c00000, 0x0000000689c00000|100%| O|  |TAMS 0x0000000689800000| PB 0x0000000689800000| Untracked 
|  39|0x0000000689c00000, 0x000000068a000000, 0x000000068a000000|100%| O|  |TAMS 0x0000000689c00000| PB 0x0000000689c00000| Untracked 
|  40|0x000000068a000000, 0x000000068a400000, 0x000000068a400000|100%| O|  |TAMS 0x000000068a000000| PB 0x000000068a000000| Untracked 
|  41|0x000000068a400000, 0x000000068a800000, 0x000000068a800000|100%| O|  |TAMS 0x000000068a400000| PB 0x000000068a400000| Untracked 
|  42|0x000000068a800000, 0x000000068ac00000, 0x000000068ac00000|100%| O|  |TAMS 0x000000068a800000| PB 0x000000068a800000| Untracked 
|  43|0x000000068ac00000, 0x000000068b000000, 0x000000068b000000|100%| O|  |TAMS 0x000000068ac00000| PB 0x000000068ac00000| Untracked 
|  44|0x000000068b000000, 0x000000068b400000, 0x000000068b400000|100%| O|  |TAMS 0x000000068b000000| PB 0x000000068b000000| Untracked 
|  45|0x000000068b400000, 0x000000068b800000, 0x000000068b800000|100%| O|  |TAMS 0x000000068b400000| PB 0x000000068b400000| Untracked 
|  46|0x000000068b800000, 0x000000068bc00000, 0x000000068bc00000|100%| O|  |TAMS 0x000000068b800000| PB 0x000000068b800000| Untracked 
|  47|0x000000068bc00000, 0x000000068c000000, 0x000000068c000000|100%| O|  |TAMS 0x000000068bc00000| PB 0x000000068bc00000| Untracked 
|  48|0x000000068c000000, 0x000000068c400000, 0x000000068c400000|100%| O|  |TAMS 0x000000068c000000| PB 0x000000068c000000| Untracked 
|  49|0x000000068c400000, 0x000000068c800000, 0x000000068c800000|100%| O|  |TAMS 0x000000068c400000| PB 0x000000068c400000| Untracked 
|  50|0x000000068c800000, 0x000000068cc00000, 0x000000068cc00000|100%| O|  |TAMS 0x000000068c800000| PB 0x000000068c800000| Untracked 
|  51|0x000000068cc00000, 0x000000068d000000, 0x000000068d000000|100%| O|  |TAMS 0x000000068cc00000| PB 0x000000068cc00000| Untracked 
|  52|0x000000068d000000, 0x000000068d400000, 0x000000068d400000|100%| O|  |TAMS 0x000000068d000000| PB 0x000000068d000000| Untracked 
|  53|0x000000068d400000, 0x000000068d800000, 0x000000068d800000|100%| O|  |TAMS 0x000000068d400000| PB 0x000000068d400000| Untracked 
|  54|0x000000068d800000, 0x000000068dc00000, 0x000000068dc00000|100%| O|  |TAMS 0x000000068d800000| PB 0x000000068d800000| Untracked 
|  55|0x000000068dc00000, 0x000000068e000000, 0x000000068e000000|100%| O|  |TAMS 0x000000068dc00000| PB 0x000000068dc00000| Untracked 
|  56|0x000000068e000000, 0x000000068e400000, 0x000000068e400000|100%| O|  |TAMS 0x000000068e000000| PB 0x000000068e000000| Untracked 
|  57|0x000000068e400000, 0x000000068e800000, 0x000000068e800000|100%| O|  |TAMS 0x000000068e400000| PB 0x000000068e400000| Untracked 
|  58|0x000000068e800000, 0x000000068ec00000, 0x000000068ec00000|100%| O|  |TAMS 0x000000068e800000| PB 0x000000068e800000| Untracked 
|  59|0x000000068ec00000, 0x000000068f000000, 0x000000068f000000|100%| O|  |TAMS 0x000000068ec00000| PB 0x000000068ec00000| Untracked 
|  60|0x000000068f000000, 0x000000068f400000, 0x000000068f400000|100%| O|  |TAMS 0x000000068f000000| PB 0x000000068f000000| Untracked 
|  61|0x000000068f400000, 0x000000068f800000, 0x000000068f800000|100%| O|Cm|TAMS 0x000000068f400000| PB 0x000000068f400000| Complete 
|  62|0x000000068f800000, 0x000000068fc00000, 0x000000068fc00000|100%| O|  |TAMS 0x000000068f800000| PB 0x000000068f800000| Untracked 
|  63|0x000000068fc00000, 0x0000000690000000, 0x0000000690000000|100%| O|  |TAMS 0x000000068fc00000| PB 0x000000068fc00000| Untracked 
|  64|0x0000000690000000, 0x0000000690400000, 0x0000000690400000|100%| O|  |TAMS 0x0000000690000000| PB 0x0000000690000000| Untracked 
|  65|0x0000000690400000, 0x0000000690800000, 0x0000000690800000|100%| O|  |TAMS 0x0000000690400000| PB 0x0000000690400000| Untracked 
|  66|0x0000000690800000, 0x0000000690c00000, 0x0000000690c00000|100%| O|  |TAMS 0x0000000690800000| PB 0x0000000690800000| Untracked 
|  67|0x0000000690c00000, 0x0000000691000000, 0x0000000691000000|100%| O|  |TAMS 0x0000000690c00000| PB 0x0000000690c00000| Untracked 
|  68|0x0000000691000000, 0x0000000691400000, 0x0000000691400000|100%| O|  |TAMS 0x0000000691000000| PB 0x0000000691000000| Untracked 
|  69|0x0000000691400000, 0x0000000691800000, 0x0000000691800000|100%| O|  |TAMS 0x0000000691400000| PB 0x0000000691400000| Untracked 
|  70|0x0000000691800000, 0x0000000691c00000, 0x0000000691c00000|100%| O|  |TAMS 0x0000000691800000| PB 0x0000000691800000| Untracked 
|  71|0x0000000691c00000, 0x0000000692000000, 0x0000000692000000|100%| O|  |TAMS 0x0000000691c00000| PB 0x0000000691c00000| Untracked 
|  72|0x0000000692000000, 0x0000000692400000, 0x0000000692400000|100%| O|  |TAMS 0x0000000692000000| PB 0x0000000692000000| Untracked 
|  73|0x0000000692400000, 0x0000000692800000, 0x0000000692800000|100%| O|Cm|TAMS 0x0000000692400000| PB 0x0000000692400000| Complete 
|  74|0x0000000692800000, 0x0000000692c00000, 0x0000000692c00000|100%| O|Cm|TAMS 0x0000000692800000| PB 0x0000000692800000| Complete 
|  75|0x0000000692c00000, 0x0000000693000000, 0x0000000693000000|100%| O|  |TAMS 0x0000000692c00000| PB 0x0000000692c00000| Untracked 
|  76|0x0000000693000000, 0x00000006930e8bc0, 0x0000000693400000| 22%| O|  |TAMS 0x0000000693000000| PB 0x0000000693000000| Untracked 
|  77|0x0000000693400000, 0x0000000693400000, 0x0000000693800000|  0%| F|  |TAMS 0x0000000693400000| PB 0x0000000693400000| Untracked 
|  78|0x0000000693800000, 0x0000000693800000, 0x0000000693c00000|  0%| F|  |TAMS 0x0000000693800000| PB 0x0000000693800000| Untracked 
|  79|0x0000000693c00000, 0x0000000694000000, 0x0000000694000000|100%| O|  |TAMS 0x0000000693c00000| PB 0x0000000693c00000| Untracked 
|  80|0x0000000694000000, 0x0000000694000000, 0x0000000694400000|  0%| F|  |TAMS 0x0000000694000000| PB 0x0000000694000000| Untracked 
|  81|0x0000000694400000, 0x0000000694800000, 0x0000000694800000|100%| O|Cm|TAMS 0x0000000694400000| PB 0x0000000694400000| Complete 
|  82|0x0000000694800000, 0x0000000694c00000, 0x0000000694c00000|100%| O|  |TAMS 0x0000000694800000| PB 0x0000000694800000| Untracked 
|  83|0x0000000694c00000, 0x0000000695000000, 0x0000000695000000|100%| O|  |TAMS 0x0000000694c00000| PB 0x0000000694c00000| Untracked 
|  84|0x0000000695000000, 0x0000000695400000, 0x0000000695400000|100%| O|  |TAMS 0x0000000695000000| PB 0x0000000695000000| Untracked 
|  85|0x0000000695400000, 0x0000000695800000, 0x0000000695800000|100%| O|  |TAMS 0x0000000695400000| PB 0x0000000695400000| Untracked 
|  86|0x0000000695800000, 0x0000000695c00000, 0x0000000695c00000|100%| O|  |TAMS 0x0000000695800000| PB 0x0000000695800000| Untracked 
|  87|0x0000000695c00000, 0x0000000695c00000, 0x0000000696000000|  0%| F|  |TAMS 0x0000000695c00000| PB 0x0000000695c00000| Untracked 
|  88|0x0000000696000000, 0x0000000696000000, 0x0000000696400000|  0%| F|  |TAMS 0x0000000696000000| PB 0x0000000696000000| Untracked 
|  89|0x0000000696400000, 0x0000000696400000, 0x0000000696800000|  0%| F|  |TAMS 0x0000000696400000| PB 0x0000000696400000| Untracked 
|  90|0x0000000696800000, 0x0000000696800000, 0x0000000696c00000|  0%| F|  |TAMS 0x0000000696800000| PB 0x0000000696800000| Untracked 
|  91|0x0000000696c00000, 0x0000000696c00000, 0x0000000697000000|  0%| F|  |TAMS 0x0000000696c00000| PB 0x0000000696c00000| Untracked 
|  92|0x0000000697000000, 0x0000000697000000, 0x0000000697400000|  0%| F|  |TAMS 0x0000000697000000| PB 0x0000000697000000| Untracked 
|  93|0x0000000697400000, 0x0000000697400000, 0x0000000697800000|  0%| F|  |TAMS 0x0000000697400000| PB 0x0000000697400000| Untracked 
|  94|0x0000000697800000, 0x0000000697800000, 0x0000000697c00000|  0%| F|  |TAMS 0x0000000697800000| PB 0x0000000697800000| Untracked 
|  95|0x0000000697c00000, 0x0000000697c00000, 0x0000000698000000|  0%| F|  |TAMS 0x0000000697c00000| PB 0x0000000697c00000| Untracked 
|  96|0x0000000698000000, 0x0000000698000000, 0x0000000698400000|  0%| F|  |TAMS 0x0000000698000000| PB 0x0000000698000000| Untracked 
|  97|0x0000000698400000, 0x0000000698400000, 0x0000000698800000|  0%| F|  |TAMS 0x0000000698400000| PB 0x0000000698400000| Untracked 
|  98|0x0000000698800000, 0x0000000698800000, 0x0000000698c00000|  0%| F|  |TAMS 0x0000000698800000| PB 0x0000000698800000| Untracked 
|  99|0x0000000698c00000, 0x0000000699000000, 0x0000000699000000|100%| O|  |TAMS 0x0000000698c00000| PB 0x0000000698c00000| Untracked 
| 100|0x0000000699000000, 0x0000000699000000, 0x0000000699400000|  0%| F|  |TAMS 0x0000000699000000| PB 0x0000000699000000| Untracked 
| 101|0x0000000699400000, 0x0000000699400000, 0x0000000699800000|  0%| F|  |TAMS 0x0000000699400000| PB 0x0000000699400000| Untracked 
| 102|0x0000000699800000, 0x0000000699800000, 0x0000000699c00000|  0%| F|  |TAMS 0x0000000699800000| PB 0x0000000699800000| Untracked 
| 103|0x0000000699c00000, 0x0000000699c00000, 0x000000069a000000|  0%| F|  |TAMS 0x0000000699c00000| PB 0x0000000699c00000| Untracked 
| 104|0x000000069a000000, 0x000000069a000000, 0x000000069a400000|  0%| F|  |TAMS 0x000000069a000000| PB 0x000000069a000000| Untracked 
| 105|0x000000069a400000, 0x000000069a400000, 0x000000069a800000|  0%| F|  |TAMS 0x000000069a400000| PB 0x000000069a400000| Untracked 
| 106|0x000000069a800000, 0x000000069a800000, 0x000000069ac00000|  0%| F|  |TAMS 0x000000069a800000| PB 0x000000069a800000| Untracked 
| 107|0x000000069ac00000, 0x000000069ac00000, 0x000000069b000000|  0%| F|  |TAMS 0x000000069ac00000| PB 0x000000069ac00000| Untracked 
| 108|0x000000069b000000, 0x000000069b000000, 0x000000069b400000|  0%| F|  |TAMS 0x000000069b000000| PB 0x000000069b000000| Untracked 
| 109|0x000000069b400000, 0x000000069b400000, 0x000000069b800000|  0%| F|  |TAMS 0x000000069b400000| PB 0x000000069b400000| Untracked 
| 110|0x000000069b800000, 0x000000069b800000, 0x000000069bc00000|  0%| F|  |TAMS 0x000000069b800000| PB 0x000000069b800000| Untracked 
| 111|0x000000069bc00000, 0x000000069bc00000, 0x000000069c000000|  0%| F|  |TAMS 0x000000069bc00000| PB 0x000000069bc00000| Untracked 
| 112|0x000000069c000000, 0x000000069c000000, 0x000000069c400000|  0%| F|  |TAMS 0x000000069c000000| PB 0x000000069c000000| Untracked 
| 113|0x000000069c400000, 0x000000069c400000, 0x000000069c800000|  0%| F|  |TAMS 0x000000069c400000| PB 0x000000069c400000| Untracked 
| 114|0x000000069c800000, 0x000000069c800000, 0x000000069cc00000|  0%| F|  |TAMS 0x000000069c800000| PB 0x000000069c800000| Untracked 
| 115|0x000000069cc00000, 0x000000069cc00000, 0x000000069d000000|  0%| F|  |TAMS 0x000000069cc00000| PB 0x000000069cc00000| Untracked 
| 116|0x000000069d000000, 0x000000069d000000, 0x000000069d400000|  0%| F|  |TAMS 0x000000069d000000| PB 0x000000069d000000| Untracked 
| 117|0x000000069d400000, 0x000000069d400000, 0x000000069d800000|  0%| F|  |TAMS 0x000000069d400000| PB 0x000000069d400000| Untracked 
| 118|0x000000069d800000, 0x000000069d800000, 0x000000069dc00000|  0%| F|  |TAMS 0x000000069d800000| PB 0x000000069d800000| Untracked 
| 119|0x000000069dc00000, 0x000000069dd3bfa0, 0x000000069e000000| 30%| S|CS|TAMS 0x000000069dc00000| PB 0x000000069dc00000| Complete 
| 120|0x000000069e000000, 0x000000069e400000, 0x000000069e400000|100%| S|CS|TAMS 0x000000069e000000| PB 0x000000069e000000| Complete 
| 121|0x000000069e400000, 0x000000069e800000, 0x000000069e800000|100%| S|CS|TAMS 0x000000069e400000| PB 0x000000069e400000| Complete 
| 122|0x000000069e800000, 0x000000069ec00000, 0x000000069ec00000|100%| S|CS|TAMS 0x000000069e800000| PB 0x000000069e800000| Complete 
| 123|0x000000069ec00000, 0x000000069f000000, 0x000000069f000000|100%| S|CS|TAMS 0x000000069ec00000| PB 0x000000069ec00000| Complete 
| 124|0x000000069f000000, 0x000000069f000000, 0x000000069f400000|  0%| F|  |TAMS 0x000000069f000000| PB 0x000000069f000000| Untracked 
| 125|0x000000069f400000, 0x000000069f400000, 0x000000069f800000|  0%| F|  |TAMS 0x000000069f400000| PB 0x000000069f400000| Untracked 
| 126|0x000000069f800000, 0x000000069f800000, 0x000000069fc00000|  0%| F|  |TAMS 0x000000069f800000| PB 0x000000069f800000| Untracked 
| 127|0x000000069fc00000, 0x000000069fc00000, 0x00000006a0000000|  0%| F|  |TAMS 0x000000069fc00000| PB 0x000000069fc00000| Untracked 
| 128|0x00000006a0000000, 0x00000006a0000000, 0x00000006a0400000|  0%| F|  |TAMS 0x00000006a0000000| PB 0x00000006a0000000| Untracked 
| 129|0x00000006a0400000, 0x00000006a0400000, 0x00000006a0800000|  0%| F|  |TAMS 0x00000006a0400000| PB 0x00000006a0400000| Untracked 
| 130|0x00000006a0800000, 0x00000006a0800000, 0x00000006a0c00000|  0%| F|  |TAMS 0x00000006a0800000| PB 0x00000006a0800000| Untracked 
| 131|0x00000006a0c00000, 0x00000006a0c00000, 0x00000006a1000000|  0%| F|  |TAMS 0x00000006a0c00000| PB 0x00000006a0c00000| Untracked 
| 132|0x00000006a1000000, 0x00000006a1000000, 0x00000006a1400000|  0%| F|  |TAMS 0x00000006a1000000| PB 0x00000006a1000000| Untracked 
| 133|0x00000006a1400000, 0x00000006a1400000, 0x00000006a1800000|  0%| F|  |TAMS 0x00000006a1400000| PB 0x00000006a1400000| Untracked 
| 134|0x00000006a1800000, 0x00000006a1800000, 0x00000006a1c00000|  0%| F|  |TAMS 0x00000006a1800000| PB 0x00000006a1800000| Untracked 
| 135|0x00000006a1c00000, 0x00000006a1c00000, 0x00000006a2000000|  0%| F|  |TAMS 0x00000006a1c00000| PB 0x00000006a1c00000| Untracked 
| 136|0x00000006a2000000, 0x00000006a2400000, 0x00000006a2400000|100%| S|CS|TAMS 0x00000006a2000000| PB 0x00000006a2000000| Complete 
| 137|0x00000006a2400000, 0x00000006a2800000, 0x00000006a2800000|100%| S|CS|TAMS 0x00000006a2400000| PB 0x00000006a2400000| Complete 
| 138|0x00000006a2800000, 0x00000006a2c00000, 0x00000006a2c00000|100%| S|CS|TAMS 0x00000006a2800000| PB 0x00000006a2800000| Complete 
| 139|0x00000006a2c00000, 0x00000006a3000000, 0x00000006a3000000|100%| S|CS|TAMS 0x00000006a2c00000| PB 0x00000006a2c00000| Complete 
| 140|0x00000006a3000000, 0x00000006a3400000, 0x00000006a3400000|100%| S|CS|TAMS 0x00000006a3000000| PB 0x00000006a3000000| Complete 
| 141|0x00000006a3400000, 0x00000006a3800000, 0x00000006a3800000|100%| S|CS|TAMS 0x00000006a3400000| PB 0x00000006a3400000| Complete 
| 142|0x00000006a3800000, 0x00000006a3c00000, 0x00000006a3c00000|100%| S|CS|TAMS 0x00000006a3800000| PB 0x00000006a3800000| Complete 
| 143|0x00000006a3c00000, 0x00000006a4000000, 0x00000006a4000000|100%| S|CS|TAMS 0x00000006a3c00000| PB 0x00000006a3c00000| Complete 
| 144|0x00000006a4000000, 0x00000006a4000000, 0x00000006a4400000|  0%| F|  |TAMS 0x00000006a4000000| PB 0x00000006a4000000| Untracked 
| 145|0x00000006a4400000, 0x00000006a4400000, 0x00000006a4800000|  0%| F|  |TAMS 0x00000006a4400000| PB 0x00000006a4400000| Untracked 
| 146|0x00000006a4800000, 0x00000006a4800000, 0x00000006a4c00000|  0%| F|  |TAMS 0x00000006a4800000| PB 0x00000006a4800000| Untracked 
| 147|0x00000006a4c00000, 0x00000006a4c00000, 0x00000006a5000000|  0%| F|  |TAMS 0x00000006a4c00000| PB 0x00000006a4c00000| Untracked 
| 148|0x00000006a5000000, 0x00000006a5000000, 0x00000006a5400000|  0%| F|  |TAMS 0x00000006a5000000| PB 0x00000006a5000000| Untracked 
| 149|0x00000006a5400000, 0x00000006a5400000, 0x00000006a5800000|  0%| F|  |TAMS 0x00000006a5400000| PB 0x00000006a5400000| Untracked 
| 150|0x00000006a5800000, 0x00000006a5800000, 0x00000006a5c00000|  0%| F|  |TAMS 0x00000006a5800000| PB 0x00000006a5800000| Untracked 
| 151|0x00000006a5c00000, 0x00000006a5c00000, 0x00000006a6000000|  0%| F|  |TAMS 0x00000006a5c00000| PB 0x00000006a5c00000| Untracked 
| 152|0x00000006a6000000, 0x00000006a6000000, 0x00000006a6400000|  0%| F|  |TAMS 0x00000006a6000000| PB 0x00000006a6000000| Untracked 
| 153|0x00000006a6400000, 0x00000006a6400000, 0x00000006a6800000|  0%| F|  |TAMS 0x00000006a6400000| PB 0x00000006a6400000| Untracked 
| 154|0x00000006a6800000, 0x00000006a6800000, 0x00000006a6c00000|  0%| F|  |TAMS 0x00000006a6800000| PB 0x00000006a6800000| Untracked 
| 155|0x00000006a6c00000, 0x00000006a6c00000, 0x00000006a7000000|  0%| F|  |TAMS 0x00000006a6c00000| PB 0x00000006a6c00000| Untracked 
| 156|0x00000006a7000000, 0x00000006a7000000, 0x00000006a7400000|  0%| F|  |TAMS 0x00000006a7000000| PB 0x00000006a7000000| Untracked 
| 157|0x00000006a7400000, 0x00000006a7400000, 0x00000006a7800000|  0%| F|  |TAMS 0x00000006a7400000| PB 0x00000006a7400000| Untracked 
| 158|0x00000006a7800000, 0x00000006a7800000, 0x00000006a7c00000|  0%| F|  |TAMS 0x00000006a7800000| PB 0x00000006a7800000| Untracked 
| 159|0x00000006a7c00000, 0x00000006a7c00000, 0x00000006a8000000|  0%| F|  |TAMS 0x00000006a7c00000| PB 0x00000006a7c00000| Untracked 
| 160|0x00000006a8000000, 0x00000006a8000000, 0x00000006a8400000|  0%| F|  |TAMS 0x00000006a8000000| PB 0x00000006a8000000| Untracked 
| 161|0x00000006a8400000, 0x00000006a8400000, 0x00000006a8800000|  0%| F|  |TAMS 0x00000006a8400000| PB 0x00000006a8400000| Untracked 
| 162|0x00000006a8800000, 0x00000006a8800000, 0x00000006a8c00000|  0%| F|  |TAMS 0x00000006a8800000| PB 0x00000006a8800000| Untracked 
| 163|0x00000006a8c00000, 0x00000006a8c00000, 0x00000006a9000000|  0%| F|  |TAMS 0x00000006a8c00000| PB 0x00000006a8c00000| Untracked 
| 164|0x00000006a9000000, 0x00000006a9000000, 0x00000006a9400000|  0%| F|  |TAMS 0x00000006a9000000| PB 0x00000006a9000000| Untracked 
| 165|0x00000006a9400000, 0x00000006a9400000, 0x00000006a9800000|  0%| F|  |TAMS 0x00000006a9400000| PB 0x00000006a9400000| Untracked 
| 166|0x00000006a9800000, 0x00000006a9800000, 0x00000006a9c00000|  0%| F|  |TAMS 0x00000006a9800000| PB 0x00000006a9800000| Untracked 
| 167|0x00000006a9c00000, 0x00000006a9c00000, 0x00000006aa000000|  0%| F|  |TAMS 0x00000006a9c00000| PB 0x00000006a9c00000| Untracked 
| 168|0x00000006aa000000, 0x00000006aa000000, 0x00000006aa400000|  0%| F|  |TAMS 0x00000006aa000000| PB 0x00000006aa000000| Untracked 
| 169|0x00000006aa400000, 0x00000006aa400000, 0x00000006aa800000|  0%| F|  |TAMS 0x00000006aa400000| PB 0x00000006aa400000| Untracked 
| 170|0x00000006aa800000, 0x00000006aa800000, 0x00000006aac00000|  0%| F|  |TAMS 0x00000006aa800000| PB 0x00000006aa800000| Untracked 
| 171|0x00000006aac00000, 0x00000006aac00000, 0x00000006ab000000|  0%| F|  |TAMS 0x00000006aac00000| PB 0x00000006aac00000| Untracked 
| 172|0x00000006ab000000, 0x00000006ab000000, 0x00000006ab400000|  0%| F|  |TAMS 0x00000006ab000000| PB 0x00000006ab000000| Untracked 
| 173|0x00000006ab400000, 0x00000006ab400000, 0x00000006ab800000|  0%| F|  |TAMS 0x00000006ab400000| PB 0x00000006ab400000| Untracked 
| 174|0x00000006ab800000, 0x00000006ab800000, 0x00000006abc00000|  0%| F|  |TAMS 0x00000006ab800000| PB 0x00000006ab800000| Untracked 
| 175|0x00000006abc00000, 0x00000006abc00000, 0x00000006ac000000|  0%| F|  |TAMS 0x00000006abc00000| PB 0x00000006abc00000| Untracked 
| 176|0x00000006ac000000, 0x00000006ac000000, 0x00000006ac400000|  0%| F|  |TAMS 0x00000006ac000000| PB 0x00000006ac000000| Untracked 
| 177|0x00000006ac400000, 0x00000006ac400000, 0x00000006ac800000|  0%| F|  |TAMS 0x00000006ac400000| PB 0x00000006ac400000| Untracked 
| 178|0x00000006ac800000, 0x00000006ac800000, 0x00000006acc00000|  0%| F|  |TAMS 0x00000006ac800000| PB 0x00000006ac800000| Untracked 
| 179|0x00000006acc00000, 0x00000006acc00000, 0x00000006ad000000|  0%| F|  |TAMS 0x00000006acc00000| PB 0x00000006acc00000| Untracked 
| 180|0x00000006ad000000, 0x00000006ad000000, 0x00000006ad400000|  0%| F|  |TAMS 0x00000006ad000000| PB 0x00000006ad000000| Untracked 
| 181|0x00000006ad400000, 0x00000006ad400000, 0x00000006ad800000|  0%| F|  |TAMS 0x00000006ad400000| PB 0x00000006ad400000| Untracked 
| 182|0x00000006ad800000, 0x00000006ad800000, 0x00000006adc00000|  0%| F|  |TAMS 0x00000006ad800000| PB 0x00000006ad800000| Untracked 
| 183|0x00000006adc00000, 0x00000006adc00000, 0x00000006ae000000|  0%| F|  |TAMS 0x00000006adc00000| PB 0x00000006adc00000| Untracked 
| 184|0x00000006ae000000, 0x00000006ae000000, 0x00000006ae400000|  0%| F|  |TAMS 0x00000006ae000000| PB 0x00000006ae000000| Untracked 
| 185|0x00000006ae400000, 0x00000006ae400000, 0x00000006ae800000|  0%| F|  |TAMS 0x00000006ae400000| PB 0x00000006ae400000| Untracked 
| 186|0x00000006ae800000, 0x00000006ae800000, 0x00000006aec00000|  0%| F|  |TAMS 0x00000006ae800000| PB 0x00000006ae800000| Untracked 
| 187|0x00000006aec00000, 0x00000006aec00000, 0x00000006af000000|  0%| F|  |TAMS 0x00000006aec00000| PB 0x00000006aec00000| Untracked 
| 188|0x00000006af000000, 0x00000006af000000, 0x00000006af400000|  0%| F|  |TAMS 0x00000006af000000| PB 0x00000006af000000| Untracked 
| 189|0x00000006af400000, 0x00000006af400000, 0x00000006af800000|  0%| F|  |TAMS 0x00000006af400000| PB 0x00000006af400000| Untracked 
| 190|0x00000006af800000, 0x00000006af800000, 0x00000006afc00000|  0%| F|  |TAMS 0x00000006af800000| PB 0x00000006af800000| Untracked 
| 191|0x00000006afc00000, 0x00000006afc00000, 0x00000006b0000000|  0%| F|  |TAMS 0x00000006afc00000| PB 0x00000006afc00000| Untracked 
| 192|0x00000006b0000000, 0x00000006b0000000, 0x00000006b0400000|  0%| F|  |TAMS 0x00000006b0000000| PB 0x00000006b0000000| Untracked 
| 193|0x00000006b0400000, 0x00000006b0400000, 0x00000006b0800000|  0%| F|  |TAMS 0x00000006b0400000| PB 0x00000006b0400000| Untracked 
| 194|0x00000006b0800000, 0x00000006b0800000, 0x00000006b0c00000|  0%| F|  |TAMS 0x00000006b0800000| PB 0x00000006b0800000| Untracked 
| 195|0x00000006b0c00000, 0x00000006b0c00000, 0x00000006b1000000|  0%| F|  |TAMS 0x00000006b0c00000| PB 0x00000006b0c00000| Untracked 
| 196|0x00000006b1000000, 0x00000006b1000000, 0x00000006b1400000|  0%| F|  |TAMS 0x00000006b1000000| PB 0x00000006b1000000| Untracked 
| 197|0x00000006b1400000, 0x00000006b1400000, 0x00000006b1800000|  0%| F|  |TAMS 0x00000006b1400000| PB 0x00000006b1400000| Untracked 
| 198|0x00000006b1800000, 0x00000006b1800000, 0x00000006b1c00000|  0%| F|  |TAMS 0x00000006b1800000| PB 0x00000006b1800000| Untracked 
| 199|0x00000006b1c00000, 0x00000006b1c00000, 0x00000006b2000000|  0%| F|  |TAMS 0x00000006b1c00000| PB 0x00000006b1c00000| Untracked 
| 200|0x00000006b2000000, 0x00000006b2000000, 0x00000006b2400000|  0%| F|  |TAMS 0x00000006b2000000| PB 0x00000006b2000000| Untracked 
| 201|0x00000006b2400000, 0x00000006b2400000, 0x00000006b2800000|  0%| F|  |TAMS 0x00000006b2400000| PB 0x00000006b2400000| Untracked 
| 202|0x00000006b2800000, 0x00000006b2800000, 0x00000006b2c00000|  0%| F|  |TAMS 0x00000006b2800000| PB 0x00000006b2800000| Untracked 
| 203|0x00000006b2c00000, 0x00000006b2c00000, 0x00000006b3000000|  0%| F|  |TAMS 0x00000006b2c00000| PB 0x00000006b2c00000| Untracked 
| 204|0x00000006b3000000, 0x00000006b3000000, 0x00000006b3400000|  0%| F|  |TAMS 0x00000006b3000000| PB 0x00000006b3000000| Untracked 
| 205|0x00000006b3400000, 0x00000006b3400000, 0x00000006b3800000|  0%| F|  |TAMS 0x00000006b3400000| PB 0x00000006b3400000| Untracked 
| 206|0x00000006b3800000, 0x00000006b3800000, 0x00000006b3c00000|  0%| F|  |TAMS 0x00000006b3800000| PB 0x00000006b3800000| Untracked 
| 207|0x00000006b3c00000, 0x00000006b3c00000, 0x00000006b4000000|  0%| F|  |TAMS 0x00000006b3c00000| PB 0x00000006b3c00000| Untracked 
| 208|0x00000006b4000000, 0x00000006b4000000, 0x00000006b4400000|  0%| F|  |TAMS 0x00000006b4000000| PB 0x00000006b4000000| Untracked 
| 209|0x00000006b4400000, 0x00000006b4400000, 0x00000006b4800000|  0%| F|  |TAMS 0x00000006b4400000| PB 0x00000006b4400000| Untracked 
| 210|0x00000006b4800000, 0x00000006b4800000, 0x00000006b4c00000|  0%| F|  |TAMS 0x00000006b4800000| PB 0x00000006b4800000| Untracked 
| 211|0x00000006b4c00000, 0x00000006b4c00000, 0x00000006b5000000|  0%| F|  |TAMS 0x00000006b4c00000| PB 0x00000006b4c00000| Untracked 
| 212|0x00000006b5000000, 0x00000006b5000000, 0x00000006b5400000|  0%| F|  |TAMS 0x00000006b5000000| PB 0x00000006b5000000| Untracked 
| 213|0x00000006b5400000, 0x00000006b5400000, 0x00000006b5800000|  0%| F|  |TAMS 0x00000006b5400000| PB 0x00000006b5400000| Untracked 
| 214|0x00000006b5800000, 0x00000006b5800000, 0x00000006b5c00000|  0%| F|  |TAMS 0x00000006b5800000| PB 0x00000006b5800000| Untracked 
| 215|0x00000006b5c00000, 0x00000006b5c00000, 0x00000006b6000000|  0%| F|  |TAMS 0x00000006b5c00000| PB 0x00000006b5c00000| Untracked 
| 216|0x00000006b6000000, 0x00000006b6000000, 0x00000006b6400000|  0%| F|  |TAMS 0x00000006b6000000| PB 0x00000006b6000000| Untracked 
| 217|0x00000006b6400000, 0x00000006b6400000, 0x00000006b6800000|  0%| F|  |TAMS 0x00000006b6400000| PB 0x00000006b6400000| Untracked 
| 218|0x00000006b6800000, 0x00000006b6800000, 0x00000006b6c00000|  0%| F|  |TAMS 0x00000006b6800000| PB 0x00000006b6800000| Untracked 
| 219|0x00000006b6c00000, 0x00000006b6c00000, 0x00000006b7000000|  0%| F|  |TAMS 0x00000006b6c00000| PB 0x00000006b6c00000| Untracked 
| 220|0x00000006b7000000, 0x00000006b7000000, 0x00000006b7400000|  0%| F|  |TAMS 0x00000006b7000000| PB 0x00000006b7000000| Untracked 
| 221|0x00000006b7400000, 0x00000006b7400000, 0x00000006b7800000|  0%| F|  |TAMS 0x00000006b7400000| PB 0x00000006b7400000| Untracked 
| 222|0x00000006b7800000, 0x00000006b7800000, 0x00000006b7c00000|  0%| F|  |TAMS 0x00000006b7800000| PB 0x00000006b7800000| Untracked 
| 223|0x00000006b7c00000, 0x00000006b7c00000, 0x00000006b8000000|  0%| F|  |TAMS 0x00000006b7c00000| PB 0x00000006b7c00000| Untracked 
| 224|0x00000006b8000000, 0x00000006b8000000, 0x00000006b8400000|  0%| F|  |TAMS 0x00000006b8000000| PB 0x00000006b8000000| Untracked 
| 225|0x00000006b8400000, 0x00000006b8400000, 0x00000006b8800000|  0%| F|  |TAMS 0x00000006b8400000| PB 0x00000006b8400000| Untracked 
| 226|0x00000006b8800000, 0x00000006b8800000, 0x00000006b8c00000|  0%| F|  |TAMS 0x00000006b8800000| PB 0x00000006b8800000| Untracked 
| 227|0x00000006b8c00000, 0x00000006b8c00000, 0x00000006b9000000|  0%| F|  |TAMS 0x00000006b8c00000| PB 0x00000006b8c00000| Untracked 
| 228|0x00000006b9000000, 0x00000006b9000000, 0x00000006b9400000|  0%| F|  |TAMS 0x00000006b9000000| PB 0x00000006b9000000| Untracked 
| 229|0x00000006b9400000, 0x00000006b9400000, 0x00000006b9800000|  0%| F|  |TAMS 0x00000006b9400000| PB 0x00000006b9400000| Untracked 
| 230|0x00000006b9800000, 0x00000006b9800000, 0x00000006b9c00000|  0%| F|  |TAMS 0x00000006b9800000| PB 0x00000006b9800000| Untracked 
| 231|0x00000006b9c00000, 0x00000006b9c00000, 0x00000006ba000000|  0%| F|  |TAMS 0x00000006b9c00000| PB 0x00000006b9c00000| Untracked 
| 232|0x00000006ba000000, 0x00000006ba000000, 0x00000006ba400000|  0%| F|  |TAMS 0x00000006ba000000| PB 0x00000006ba000000| Untracked 
| 233|0x00000006ba400000, 0x00000006ba400000, 0x00000006ba800000|  0%| F|  |TAMS 0x00000006ba400000| PB 0x00000006ba400000| Untracked 
| 234|0x00000006ba800000, 0x00000006ba800000, 0x00000006bac00000|  0%| F|  |TAMS 0x00000006ba800000| PB 0x00000006ba800000| Untracked 
| 235|0x00000006bac00000, 0x00000006bac00000, 0x00000006bb000000|  0%| F|  |TAMS 0x00000006bac00000| PB 0x00000006bac00000| Untracked 
| 236|0x00000006bb000000, 0x00000006bb000000, 0x00000006bb400000|  0%| F|  |TAMS 0x00000006bb000000| PB 0x00000006bb000000| Untracked 
| 237|0x00000006bb400000, 0x00000006bb400000, 0x00000006bb800000|  0%| F|  |TAMS 0x00000006bb400000| PB 0x00000006bb400000| Untracked 
| 238|0x00000006bb800000, 0x00000006bb800000, 0x00000006bbc00000|  0%| F|  |TAMS 0x00000006bb800000| PB 0x00000006bb800000| Untracked 
| 239|0x00000006bbc00000, 0x00000006bbc00000, 0x00000006bc000000|  0%| F|  |TAMS 0x00000006bbc00000| PB 0x00000006bbc00000| Untracked 
| 240|0x00000006bc000000, 0x00000006bc000000, 0x00000006bc400000|  0%| F|  |TAMS 0x00000006bc000000| PB 0x00000006bc000000| Untracked 
| 241|0x00000006bc400000, 0x00000006bc400000, 0x00000006bc800000|  0%| F|  |TAMS 0x00000006bc400000| PB 0x00000006bc400000| Untracked 
| 242|0x00000006bc800000, 0x00000006bc800000, 0x00000006bcc00000|  0%| F|  |TAMS 0x00000006bc800000| PB 0x00000006bc800000| Untracked 
| 243|0x00000006bcc00000, 0x00000006bcc00000, 0x00000006bd000000|  0%| F|  |TAMS 0x00000006bcc00000| PB 0x00000006bcc00000| Untracked 
| 244|0x00000006bd000000, 0x00000006bd000000, 0x00000006bd400000|  0%| F|  |TAMS 0x00000006bd000000| PB 0x00000006bd000000| Untracked 
| 245|0x00000006bd400000, 0x00000006bd400000, 0x00000006bd800000|  0%| F|  |TAMS 0x00000006bd400000| PB 0x00000006bd400000| Untracked 
| 246|0x00000006bd800000, 0x00000006bd800000, 0x00000006bdc00000|  0%| F|  |TAMS 0x00000006bd800000| PB 0x00000006bd800000| Untracked 
| 247|0x00000006bdc00000, 0x00000006bdc00000, 0x00000006be000000|  0%| F|  |TAMS 0x00000006bdc00000| PB 0x00000006bdc00000| Untracked 
| 248|0x00000006be000000, 0x00000006be000000, 0x00000006be400000|  0%| F|  |TAMS 0x00000006be000000| PB 0x00000006be000000| Untracked 
| 249|0x00000006be400000, 0x00000006be400000, 0x00000006be800000|  0%| F|  |TAMS 0x00000006be400000| PB 0x00000006be400000| Untracked 
| 250|0x00000006be800000, 0x00000006be800000, 0x00000006bec00000|  0%| F|  |TAMS 0x00000006be800000| PB 0x00000006be800000| Untracked 
| 251|0x00000006bec00000, 0x00000006bec00000, 0x00000006bf000000|  0%| F|  |TAMS 0x00000006bec00000| PB 0x00000006bec00000| Untracked 
| 252|0x00000006bf000000, 0x00000006bf000000, 0x00000006bf400000|  0%| F|  |TAMS 0x00000006bf000000| PB 0x00000006bf000000| Untracked 
| 253|0x00000006bf400000, 0x00000006bf400000, 0x00000006bf800000|  0%| F|  |TAMS 0x00000006bf400000| PB 0x00000006bf400000| Untracked 
| 254|0x00000006bf800000, 0x00000006bf800000, 0x00000006bfc00000|  0%| F|  |TAMS 0x00000006bf800000| PB 0x00000006bf800000| Untracked 
| 255|0x00000006bfc00000, 0x00000006bfc00000, 0x00000006c0000000|  0%| F|  |TAMS 0x00000006bfc00000| PB 0x00000006bfc00000| Untracked 
| 256|0x00000006c0000000, 0x00000006c0000000, 0x00000006c0400000|  0%| F|  |TAMS 0x00000006c0000000| PB 0x00000006c0000000| Untracked 
| 257|0x00000006c0400000, 0x00000006c0400000, 0x00000006c0800000|  0%| F|  |TAMS 0x00000006c0400000| PB 0x00000006c0400000| Untracked 
| 258|0x00000006c0800000, 0x00000006c0800000, 0x00000006c0c00000|  0%| F|  |TAMS 0x00000006c0800000| PB 0x00000006c0800000| Untracked 
| 259|0x00000006c0c00000, 0x00000006c0c00000, 0x00000006c1000000|  0%| F|  |TAMS 0x00000006c0c00000| PB 0x00000006c0c00000| Untracked 
| 260|0x00000006c1000000, 0x00000006c1000000, 0x00000006c1400000|  0%| F|  |TAMS 0x00000006c1000000| PB 0x00000006c1000000| Untracked 
| 261|0x00000006c1400000, 0x00000006c1400000, 0x00000006c1800000|  0%| F|  |TAMS 0x00000006c1400000| PB 0x00000006c1400000| Untracked 
| 262|0x00000006c1800000, 0x00000006c1800000, 0x00000006c1c00000|  0%| F|  |TAMS 0x00000006c1800000| PB 0x00000006c1800000| Untracked 
| 263|0x00000006c1c00000, 0x00000006c1c00000, 0x00000006c2000000|  0%| F|  |TAMS 0x00000006c1c00000| PB 0x00000006c1c00000| Untracked 
| 264|0x00000006c2000000, 0x00000006c2000000, 0x00000006c2400000|  0%| F|  |TAMS 0x00000006c2000000| PB 0x00000006c2000000| Untracked 
| 265|0x00000006c2400000, 0x00000006c2400000, 0x00000006c2800000|  0%| F|  |TAMS 0x00000006c2400000| PB 0x00000006c2400000| Untracked 
| 266|0x00000006c2800000, 0x00000006c2800000, 0x00000006c2c00000|  0%| F|  |TAMS 0x00000006c2800000| PB 0x00000006c2800000| Untracked 
| 267|0x00000006c2c00000, 0x00000006c2c00000, 0x00000006c3000000|  0%| F|  |TAMS 0x00000006c2c00000| PB 0x00000006c2c00000| Untracked 
| 268|0x00000006c3000000, 0x00000006c3000000, 0x00000006c3400000|  0%| F|  |TAMS 0x00000006c3000000| PB 0x00000006c3000000| Untracked 
| 269|0x00000006c3400000, 0x00000006c3400000, 0x00000006c3800000|  0%| F|  |TAMS 0x00000006c3400000| PB 0x00000006c3400000| Untracked 
| 270|0x00000006c3800000, 0x00000006c3800000, 0x00000006c3c00000|  0%| F|  |TAMS 0x00000006c3800000| PB 0x00000006c3800000| Untracked 
| 271|0x00000006c3c00000, 0x00000006c3c00000, 0x00000006c4000000|  0%| F|  |TAMS 0x00000006c3c00000| PB 0x00000006c3c00000| Untracked 
| 272|0x00000006c4000000, 0x00000006c4000000, 0x00000006c4400000|  0%| F|  |TAMS 0x00000006c4000000| PB 0x00000006c4000000| Untracked 
| 273|0x00000006c4400000, 0x00000006c4400000, 0x00000006c4800000|  0%| F|  |TAMS 0x00000006c4400000| PB 0x00000006c4400000| Untracked 
| 274|0x00000006c4800000, 0x00000006c4800000, 0x00000006c4c00000|  0%| F|  |TAMS 0x00000006c4800000| PB 0x00000006c4800000| Untracked 
| 275|0x00000006c4c00000, 0x00000006c4c00000, 0x00000006c5000000|  0%| F|  |TAMS 0x00000006c4c00000| PB 0x00000006c4c00000| Untracked 
| 276|0x00000006c5000000, 0x00000006c5000000, 0x00000006c5400000|  0%| F|  |TAMS 0x00000006c5000000| PB 0x00000006c5000000| Untracked 
| 277|0x00000006c5400000, 0x00000006c5400000, 0x00000006c5800000|  0%| F|  |TAMS 0x00000006c5400000| PB 0x00000006c5400000| Untracked 
| 278|0x00000006c5800000, 0x00000006c5800000, 0x00000006c5c00000|  0%| F|  |TAMS 0x00000006c5800000| PB 0x00000006c5800000| Untracked 
| 279|0x00000006c5c00000, 0x00000006c5c00000, 0x00000006c6000000|  0%| F|  |TAMS 0x00000006c5c00000| PB 0x00000006c5c00000| Untracked 
| 280|0x00000006c6000000, 0x00000006c6000000, 0x00000006c6400000|  0%| F|  |TAMS 0x00000006c6000000| PB 0x00000006c6000000| Untracked 
| 281|0x00000006c6400000, 0x00000006c6400000, 0x00000006c6800000|  0%| F|  |TAMS 0x00000006c6400000| PB 0x00000006c6400000| Untracked 
| 282|0x00000006c6800000, 0x00000006c6800000, 0x00000006c6c00000|  0%| F|  |TAMS 0x00000006c6800000| PB 0x00000006c6800000| Untracked 
| 283|0x00000006c6c00000, 0x00000006c6c00000, 0x00000006c7000000|  0%| F|  |TAMS 0x00000006c6c00000| PB 0x00000006c6c00000| Untracked 
| 284|0x00000006c7000000, 0x00000006c7000000, 0x00000006c7400000|  0%| F|  |TAMS 0x00000006c7000000| PB 0x00000006c7000000| Untracked 
| 285|0x00000006c7400000, 0x00000006c7400000, 0x00000006c7800000|  0%| F|  |TAMS 0x00000006c7400000| PB 0x00000006c7400000| Untracked 
| 286|0x00000006c7800000, 0x00000006c7800000, 0x00000006c7c00000|  0%| F|  |TAMS 0x00000006c7800000| PB 0x00000006c7800000| Untracked 
| 287|0x00000006c7c00000, 0x00000006c7c00000, 0x00000006c8000000|  0%| F|  |TAMS 0x00000006c7c00000| PB 0x00000006c7c00000| Untracked 
| 288|0x00000006c8000000, 0x00000006c8000000, 0x00000006c8400000|  0%| F|  |TAMS 0x00000006c8000000| PB 0x00000006c8000000| Untracked 
| 289|0x00000006c8400000, 0x00000006c8400000, 0x00000006c8800000|  0%| F|  |TAMS 0x00000006c8400000| PB 0x00000006c8400000| Untracked 
| 290|0x00000006c8800000, 0x00000006c8800000, 0x00000006c8c00000|  0%| F|  |TAMS 0x00000006c8800000| PB 0x00000006c8800000| Untracked 
| 291|0x00000006c8c00000, 0x00000006c8c00000, 0x00000006c9000000|  0%| F|  |TAMS 0x00000006c8c00000| PB 0x00000006c8c00000| Untracked 
| 292|0x00000006c9000000, 0x00000006c9000000, 0x00000006c9400000|  0%| F|  |TAMS 0x00000006c9000000| PB 0x00000006c9000000| Untracked 
| 293|0x00000006c9400000, 0x00000006c9400000, 0x00000006c9800000|  0%| F|  |TAMS 0x00000006c9400000| PB 0x00000006c9400000| Untracked 
| 294|0x00000006c9800000, 0x00000006c9800000, 0x00000006c9c00000|  0%| F|  |TAMS 0x00000006c9800000| PB 0x00000006c9800000| Untracked 
| 295|0x00000006c9c00000, 0x00000006c9c00000, 0x00000006ca000000|  0%| F|  |TAMS 0x00000006c9c00000| PB 0x00000006c9c00000| Untracked 
| 296|0x00000006ca000000, 0x00000006ca000000, 0x00000006ca400000|  0%| F|  |TAMS 0x00000006ca000000| PB 0x00000006ca000000| Untracked 
| 297|0x00000006ca400000, 0x00000006ca400000, 0x00000006ca800000|  0%| F|  |TAMS 0x00000006ca400000| PB 0x00000006ca400000| Untracked 
| 298|0x00000006ca800000, 0x00000006ca800000, 0x00000006cac00000|  0%| F|  |TAMS 0x00000006ca800000| PB 0x00000006ca800000| Untracked 
| 299|0x00000006cac00000, 0x00000006cade9ea0, 0x00000006cb000000| 47%| E|  |TAMS 0x00000006cac00000| PB 0x00000006cac00000| Complete 
| 300|0x00000006cb000000, 0x00000006cb400000, 0x00000006cb400000|100%| E|CS|TAMS 0x00000006cb000000| PB 0x00000006cb000000| Complete 
| 301|0x00000006cb400000, 0x00000006cb800000, 0x00000006cb800000|100%| E|CS|TAMS 0x00000006cb400000| PB 0x00000006cb400000| Complete 
| 302|0x00000006cb800000, 0x00000006cbc00000, 0x00000006cbc00000|100%| E|CS|TAMS 0x00000006cb800000| PB 0x00000006cb800000| Complete 
| 303|0x00000006cbc00000, 0x00000006cc000000, 0x00000006cc000000|100%| E|CS|TAMS 0x00000006cbc00000| PB 0x00000006cbc00000| Complete 
| 304|0x00000006cc000000, 0x00000006cc400000, 0x00000006cc400000|100%| E|CS|TAMS 0x00000006cc000000| PB 0x00000006cc000000| Complete 
| 305|0x00000006cc400000, 0x00000006cc800000, 0x00000006cc800000|100%| E|CS|TAMS 0x00000006cc400000| PB 0x00000006cc400000| Complete 
| 306|0x00000006cc800000, 0x00000006ccc00000, 0x00000006ccc00000|100%| E|CS|TAMS 0x00000006cc800000| PB 0x00000006cc800000| Complete 
| 307|0x00000006ccc00000, 0x00000006cd000000, 0x00000006cd000000|100%| E|CS|TAMS 0x00000006ccc00000| PB 0x00000006ccc00000| Complete 
| 308|0x00000006cd000000, 0x00000006cd400000, 0x00000006cd400000|100%| E|CS|TAMS 0x00000006cd000000| PB 0x00000006cd000000| Complete 
| 309|0x00000006cd400000, 0x00000006cd800000, 0x00000006cd800000|100%| E|CS|TAMS 0x00000006cd400000| PB 0x00000006cd400000| Complete 
|1529|0x00000007fe400000, 0x00000007fe800000, 0x00000007fe800000|100%| E|CS|TAMS 0x00000007fe400000| PB 0x00000007fe400000| Complete 
|1530|0x00000007fe800000, 0x00000007fec00000, 0x00000007fec00000|100%| E|CS|TAMS 0x00000007fe800000| PB 0x00000007fe800000| Complete 
|1531|0x00000007fec00000, 0x00000007ff000000, 0x00000007ff000000|100%| E|CS|TAMS 0x00000007fec00000| PB 0x00000007fec00000| Complete 
|1532|0x00000007ff000000, 0x00000007ff400000, 0x00000007ff400000|100%| E|  |TAMS 0x00000007ff000000| PB 0x00000007ff000000| Complete 
|1533|0x00000007ff400000, 0x00000007ff800000, 0x00000007ff800000|100%| O|Cm|TAMS 0x00000007ff400000| PB 0x00000007ff400000| Complete 
|1534|0x00000007ff800000, 0x00000007ffc00000, 0x00000007ffc00000|100%| E|CS|TAMS 0x00000007ff800000| PB 0x00000007ff800000| Complete 
|1535|0x00000007ffc00000, 0x0000000800000000, 0x0000000800000000|100%| O|  |TAMS 0x00000007ffc00000| PB 0x00000007ffc00000| Untracked 

Card table byte_map: [0x000001d170140000,0x000001d170d40000] _byte_map_base: 0x000001d16cd40000

Marking Bits: (CMBitMap*) 0x000001d15cf25580
 Bits: [0x000001d170d40000, 0x000001d176d40000)

Polling page: 0x000001d15acc0000

Metaspace:

Usage:
  Non-class:    243.09 MB used.
      Class:     34.54 MB used.
       Both:    277.63 MB used.

Virtual space:
  Non-class space:      256.00 MB reserved,     245.38 MB ( 96%) committed,  4 nodes.
      Class space:      832.00 MB reserved,      36.62 MB (  4%) committed,  1 nodes.
             Both:        1.06 GB reserved,     282.00 MB ( 26%) committed. 

Chunk freelists:
   Non-Class:  11.03 MB
       Class:  11.43 MB
        Both:  22.46 MB

MaxMetaspaceSize: 1.00 GB
CompressedClassSpaceSize: 832.00 MB
Initial GC threshold: 21.00 MB
Current GC threshold: 470.75 MB
CDS: off
 - commit_granule_bytes: 65536.
 - commit_granule_words: 8192.
 - virtual_space_node_default_size: 8388608.
 - enlarge_chunks_in_place: 1.
 - use_allocation_guard: 0.


Internal statistics:

num_allocs_failed_limit: 9.
num_arena_births: 7056.
num_arena_deaths: 60.
num_vsnodes_births: 5.
num_vsnodes_deaths: 0.
num_space_committed: 4536.
num_space_uncommitted: 23.
num_chunks_returned_to_freelist: 238.
num_chunks_taken_from_freelist: 19448.
num_chunk_merges: 68.
num_chunk_splits: 13253.
num_chunks_enlarged: 9105.
num_inconsistent_stats: 0.

CodeHeap 'non-profiled nmethods': size=120000Kb used=22117Kb max_used=39504Kb free=97882Kb
 bounds [0x000001d167ac0000, 0x000001d16a180000, 0x000001d16eff0000]
CodeHeap 'profiled nmethods': size=120000Kb used=27352Kb max_used=63682Kb free=92647Kb
 bounds [0x000001d15fff0000, 0x000001d163f70000, 0x000001d167520000]
CodeHeap 'non-nmethods': size=5760Kb used=3439Kb max_used=3536Kb free=2320Kb
 bounds [0x000001d167520000, 0x000001d1678b0000, 0x000001d167ac0000]
 total_blobs=15006 nmethods=13614 adapters=1291
 compilation: enabled
              stopped_count=0, restarted_count=0
 full_count=0

Compilation events (20 events):
Event: 3538.188 Thread 0x000001d179ba09b0 79423       2       org.gradle.api.internal.artifacts.transform.TransformExecutionResultSerializer::writeToFile (37 bytes)
Event: 3538.189 Thread 0x000001d179ba09b0 nmethod 79423 0x000001d160510a10 code [0x000001d160510c40, 0x000001d1605111f0]
Event: 3538.189 Thread 0x000001d179ba09b0 79424       2       org.gradle.api.internal.artifacts.transform.TransformExecutionResult::size (8 bytes)
Event: 3538.189 Thread 0x000001d179ba09b0 nmethod 79424 0x000001d160d1e690 code [0x000001d160d1e840, 0x000001d160d1e978]
Event: 3538.189 Thread 0x000001d179ba09b0 79426   !   2       jdk.proxy1.$Proxy92::afterTransformExecution (38 bytes)
Event: 3538.190 Thread 0x000001d179ba09b0 nmethod 79426 0x000001d16017bb10 code [0x000001d16017bce0, 0x000001d16017c178]
Event: 3538.198 Thread 0x000001d179ba09b0 79427       2       org.gradle.api.internal.artifacts.transform.AbstractTransformExecution$3::getOutput (12 bytes)
Event: 3538.198 Thread 0x000001d179ba09b0 nmethod 79427 0x000001d16025d710 code [0x000001d16025d8c0, 0x000001d16025daa0]
Event: 3538.198 Thread 0x000001d179ba09b0 79428       2       org.gradle.internal.execution.steps.IdentityCacheStep$$Lambda/0x0000000800816240::get (8 bytes)
Event: 3538.199 Thread 0x000001d179ba09b0 nmethod 79428 0x000001d160299d90 code [0x000001d160299f60, 0x000001d16029a340]
Event: 3538.199 Thread 0x000001d179ba09b0 79429       2       org.gradle.internal.execution.steps.IdentityCacheStep::lambda$executeInCache$3 (20 bytes)
Event: 3538.199 Thread 0x000001d179ba09b0 nmethod 79429 0x000001d1606cc690 code [0x000001d1606cc860, 0x000001d1606ccc20]
Event: 3538.213 Thread 0x000001d179ba09b0 79432       2       com.android.tools.r8.internal.A5::h (845 bytes)
Event: 3538.218 Thread 0x000001d179ba09b0 nmethod 79432 0x000001d161c53790 code [0x000001d161c53e20, 0x000001d161c58768]
Event: 3538.218 Thread 0x000001d179ba09b0 79434       2       com.android.tools.r8.internal.oS::l (63 bytes)
Event: 3538.219 Thread 0x000001d179ba09b0 nmethod 79434 0x000001d1600c1410 code [0x000001d1600c15e0, 0x000001d1600c1900]
Event: 3538.219 Thread 0x000001d179ba09b0 79433       2       com.android.tools.r8.internal.w40$$Lambda/0x0000000801823390::<init> (15 bytes)
Event: 3538.219 Thread 0x000001d179ba09b0 nmethod 79433 0x000001d16087a590 code [0x000001d16087a740, 0x000001d16087a910]
Event: 3538.231 Thread 0x000001d179ba09b0 79435 %     3       com.android.tools.r8.internal.cB::a @ 96 (583 bytes)
Event: 3538.234 Thread 0x000001d179ba09b0 nmethod 79435% 0x000001d1614a4a10 code [0x000001d1614a4fa0, 0x000001d1614a8058]

GC Heap History (20 events):
Event: 3531.267 GC heap after
{Heap after GC invocations=129 (full 0):
 garbage-first heap   total 1069056K, used 386480K [0x0000000680000000, 0x0000000800000000)
  region size 4096K, 14 young (57344K), 14 survivors (57344K)
 Metaspace       used 285243K, committed 289216K, reserved 1114112K
  class space    used 35368K, committed 37312K, reserved 851968K
}
Event: 3532.468 GC heap before
{Heap before GC invocations=130 (full 0):
 garbage-first heap   total 1069056K, used 980400K [0x0000000680000000, 0x0000000800000000)
  region size 4096K, 150 young (614400K), 14 survivors (57344K)
 Metaspace       used 286070K, committed 290048K, reserved 1114112K
  class space    used 35519K, committed 37504K, reserved 851968K
}
Event: 3532.498 GC heap after
{Heap after GC invocations=131 (full 0):
 garbage-first heap   total 1069056K, used 400713K [0x0000000680000000, 0x0000000800000000)
  region size 4096K, 13 young (53248K), 13 survivors (53248K)
 Metaspace       used 286070K, committed 290048K, reserved 1114112K
  class space    used 35519K, committed 37504K, reserved 851968K
}
Event: 3532.917 GC heap before
{Heap before GC invocations=131 (full 0):
 garbage-first heap   total 1069056K, used 937289K [0x0000000680000000, 0x0000000800000000)
  region size 4096K, 144 young (589824K), 13 survivors (53248K)
 Metaspace       used 286277K, committed 290240K, reserved 1114112K
  class space    used 35527K, committed 37504K, reserved 851968K
}
Event: 3532.951 GC heap after
{Heap after GC invocations=132 (full 0):
 garbage-first heap   total 1069056K, used 419045K [0x0000000680000000, 0x0000000800000000)
  region size 4096K, 9 young (36864K), 9 survivors (36864K)
 Metaspace       used 286277K, committed 290240K, reserved 1114112K
  class space    used 35527K, committed 37504K, reserved 851968K
}
Event: 3533.349 GC heap before
{Heap before GC invocations=132 (full 0):
 garbage-first heap   total 1069056K, used 943333K [0x0000000680000000, 0x0000000800000000)
  region size 4096K, 137 young (561152K), 9 survivors (36864K)
 Metaspace       used 286503K, committed 290432K, reserved 1114112K
  class space    used 35550K, committed 37504K, reserved 851968K
}
Event: 3533.360 GC heap after
{Heap after GC invocations=133 (full 0):
 garbage-first heap   total 1069056K, used 415544K [0x0000000680000000, 0x0000000800000000)
  region size 4096K, 8 young (32768K), 8 survivors (32768K)
 Metaspace       used 286503K, committed 290432K, reserved 1114112K
  class space    used 35550K, committed 37504K, reserved 851968K
}
Event: 3533.939 GC heap before
{Heap before GC invocations=134 (full 0):
 garbage-first heap   total 1069056K, used 960312K [0x0000000680000000, 0x0000000800000000)
  region size 4096K, 143 young (585728K), 8 survivors (32768K)
 Metaspace       used 283906K, committed 288640K, reserved 1114112K
  class space    used 35360K, committed 37504K, reserved 851968K
}
Event: 3533.952 GC heap after
{Heap after GC invocations=135 (full 0):
 garbage-first heap   total 1069056K, used 409377K [0x0000000680000000, 0x0000000800000000)
  region size 4096K, 9 young (36864K), 9 survivors (36864K)
 Metaspace       used 283906K, committed 288640K, reserved 1114112K
  class space    used 35360K, committed 37504K, reserved 851968K
}
Event: 3534.378 GC heap before
{Heap before GC invocations=135 (full 0):
 garbage-first heap   total 1069056K, used 966433K [0x0000000680000000, 0x0000000800000000)
  region size 4096K, 146 young (598016K), 9 survivors (36864K)
 Metaspace       used 283939K, committed 288640K, reserved 1114112K
  class space    used 35361K, committed 37504K, reserved 851968K
}
Event: 3534.390 GC heap after
{Heap after GC invocations=136 (full 0):
 garbage-first heap   total 1069056K, used 377321K [0x0000000680000000, 0x0000000800000000)
  region size 4096K, 9 young (36864K), 9 survivors (36864K)
 Metaspace       used 283939K, committed 288640K, reserved 1114112K
  class space    used 35361K, committed 37504K, reserved 851968K
}
Event: 3534.832 GC heap before
{Heap before GC invocations=136 (full 0):
 garbage-first heap   total 1069056K, used 967145K [0x0000000680000000, 0x0000000800000000)
  region size 4096K, 154 young (630784K), 9 survivors (36864K)
 Metaspace       used 283998K, committed 288640K, reserved 1114112K
  class space    used 35361K, committed 37504K, reserved 851968K
}
Event: 3534.849 GC heap after
{Heap after GC invocations=137 (full 0):
 garbage-first heap   total 1298432K, used 387388K [0x0000000680000000, 0x0000000800000000)
  region size 4096K, 11 young (45056K), 11 survivors (45056K)
 Metaspace       used 283998K, committed 288640K, reserved 1114112K
  class space    used 35361K, committed 37504K, reserved 851968K
}
Event: 3535.669 GC heap before
{Heap before GC invocations=138 (full 0):
 garbage-first heap   total 1298432K, used 1116476K [0x0000000680000000, 0x0000000800000000)
  region size 4096K, 190 young (778240K), 11 survivors (45056K)
 Metaspace       used 284044K, committed 288704K, reserved 1114112K
  class space    used 35362K, committed 37504K, reserved 851968K
}
Event: 3535.688 GC heap after
{Heap after GC invocations=139 (full 0):
 garbage-first heap   total 1298432K, used 389154K [0x0000000680000000, 0x0000000800000000)
  region size 4096K, 12 young (49152K), 12 survivors (49152K)
 Metaspace       used 284044K, committed 288704K, reserved 1114112K
  class space    used 35362K, committed 37504K, reserved 851968K
}
Event: 3536.437 GC heap before
{Heap before GC invocations=139 (full 0):
 garbage-first heap   total 1298432K, used 1114146K [0x0000000680000000, 0x0000000800000000)
  region size 4096K, 190 young (778240K), 12 survivors (49152K)
 Metaspace       used 284212K, committed 288768K, reserved 1114112K
  class space    used 35364K, committed 37504K, reserved 851968K
}
Event: 3536.457 GC heap after
{Heap after GC invocations=140 (full 0):
 garbage-first heap   total 1298432K, used 377842K [0x0000000680000000, 0x0000000800000000)
  region size 4096K, 12 young (49152K), 12 survivors (49152K)
 Metaspace       used 284212K, committed 288768K, reserved 1114112K
  class space    used 35364K, committed 37504K, reserved 851968K
}
Event: 3537.152 GC heap before
{Heap before GC invocations=140 (full 0):
 garbage-first heap   total 1298432K, used 1102834K [0x0000000680000000, 0x0000000800000000)
  region size 4096K, 190 young (778240K), 12 survivors (49152K)
 Metaspace       used 284236K, committed 288768K, reserved 1114112K
  class space    used 35364K, committed 37504K, reserved 851968K
}
Event: 3537.180 GC heap after
{Heap after GC invocations=141 (full 0):
 garbage-first heap   total 1298432K, used 408268K [0x0000000680000000, 0x0000000800000000)
  region size 4096K, 19 young (77824K), 19 survivors (77824K)
 Metaspace       used 284236K, committed 288768K, reserved 1114112K
  class space    used 35364K, committed 37504K, reserved 851968K
}
Event: 3538.234 GC heap before
{Heap before GC invocations=142 (full 0):
 garbage-first heap   total 1298432K, used 1108684K [0x0000000680000000, 0x0000000800000000)
  region size 4096K, 190 young (778240K), 19 survivors (77824K)
 Metaspace       used 284289K, committed 288768K, reserved 1114112K
  class space    used 35366K, committed 37504K, reserved 851968K
}

Dll operation events (3 events):
Event: 0.081 Loaded shared library D:\Android\android-studio\jbr\bin\java.dll
Event: 0.085 Loaded shared library D:\Android\android-studio\jbr\bin\zip.dll
Event: 0.490 Loaded shared library D:\Android\android-studio\jbr\bin\verify.dll

Deoptimization events (20 events):
Event: 3538.170 Thread 0x000001d115203fe0 DEOPT PACKING pc=0x000001d163d37504 sp=0x00000088452fa230
Event: 3538.170 Thread 0x000001d115203fe0 DEOPT UNPACKING pc=0x000001d167574e42 sp=0x00000088452f9990 mode 0
Event: 3538.179 Thread 0x000001d115203fe0 DEOPT PACKING pc=0x000001d1621476e9 sp=0x00000088452faeb0
Event: 3538.179 Thread 0x000001d115203fe0 DEOPT UNPACKING pc=0x000001d167574e42 sp=0x00000088452fa560 mode 0
Event: 3538.195 Thread 0x000001d10dc1a8a0 DEOPT PACKING pc=0x000001d1625a44f4 sp=0x00000088432f6f60
Event: 3538.195 Thread 0x000001d10dc1a8a0 DEOPT UNPACKING pc=0x000001d167574e42 sp=0x00000088432f6568 mode 0
Event: 3538.195 Thread 0x000001d115203fe0 DEOPT PACKING pc=0x000001d16336bd1c sp=0x00000088452fad80
Event: 3538.195 Thread 0x000001d115203fe0 DEOPT UNPACKING pc=0x000001d167574e42 sp=0x00000088452fa578 mode 0
Event: 3538.199 Thread 0x000001d10dc19b80 DEOPT PACKING pc=0x000001d163d37504 sp=0x0000008844df9ea0
Event: 3538.200 Thread 0x000001d10dc19b80 DEOPT UNPACKING pc=0x000001d167574e42 sp=0x0000008844df9600 mode 0
Event: 3538.200 Thread 0x000001d10dc19b80 DEOPT PACKING pc=0x000001d1621476e9 sp=0x0000008844dfae90
Event: 3538.200 Thread 0x000001d10dc19b80 DEOPT UNPACKING pc=0x000001d167574e42 sp=0x0000008844dfa540 mode 0
Event: 3538.210 Thread 0x000001d115203fe0 DEOPT PACKING pc=0x000001d16336bd1c sp=0x00000088452fad80
Event: 3538.210 Thread 0x000001d115203fe0 DEOPT UNPACKING pc=0x000001d167574e42 sp=0x00000088452fa578 mode 0
Event: 3538.217 Thread 0x000001d115205390 DEOPT PACKING pc=0x000001d1621476e9 sp=0x00000088454fad40
Event: 3538.217 Thread 0x000001d115205390 DEOPT UNPACKING pc=0x000001d167574e42 sp=0x00000088454fa3f0 mode 0
Event: 3538.232 Thread 0x000001d10dc1c970 DEOPT PACKING pc=0x000001d16214625a sp=0x0000008844efb2d0
Event: 3538.232 Thread 0x000001d10dc1c970 DEOPT UNPACKING pc=0x000001d167574e42 sp=0x0000008844efa978 mode 0
Event: 3538.234 Thread 0x000001d115205390 DEOPT PACKING pc=0x000001d16336cea3 sp=0x00000088454fac10
Event: 3538.234 Thread 0x000001d115205390 DEOPT UNPACKING pc=0x000001d167574e42 sp=0x00000088454fa408 mode 0

Classes loaded (20 events):
Event: 1861.891 Loading class sun/security/ssl/SSLEngineOutputRecord
Event: 1861.892 Loading class sun/security/ssl/SSLEngineOutputRecord done
Event: 1861.892 Loading class sun/security/ssl/SSLEngineOutputRecord$HandshakeFragment
Event: 1861.893 Loading class sun/security/ssl/SSLEngineOutputRecord$HandshakeFragment done
Event: 1861.893 Loading class sun/security/ssl/SSLEngineOutputRecord$HandshakeMemo
Event: 1861.893 Loading class sun/security/ssl/SSLEngineOutputRecord$RecordMemo
Event: 1861.893 Loading class sun/security/ssl/SSLEngineOutputRecord$RecordMemo done
Event: 1861.893 Loading class sun/security/ssl/SSLEngineOutputRecord$HandshakeMemo done
Event: 1861.920 Loading class sun/security/ssl/PreSharedKeyExtension$SHPreSharedKeySpec
Event: 1861.920 Loading class sun/security/ssl/PreSharedKeyExtension$SHPreSharedKeySpec done
Event: 2140.286 Loading class sun/security/ssl/Alert
Event: 2140.286 Loading class sun/security/ssl/Alert done
Event: 2140.286 Loading class sun/security/ssl/Alert$AlertConsumer
Event: 2140.287 Loading class sun/security/ssl/Alert$AlertConsumer done
Event: 2140.287 Loading class sun/security/ssl/Alert$Level
Event: 2140.287 Loading class sun/security/ssl/Alert$Level done
Event: 2145.816 Loading class java/text/FieldPosition$Delegate
Event: 2145.816 Loading class java/text/FieldPosition$Delegate done
Event: 2145.827 Loading class java/lang/invoke/WrongMethodTypeException
Event: 2145.827 Loading class java/lang/invoke/WrongMethodTypeException done

Classes unloaded (20 events):
Event: 3533.522 Thread 0x000001d1799de100 Unloading class 0x000000080221ae90 'jdk/internal/jimage/ImageHeader'
Event: 3533.522 Thread 0x000001d1799de100 Unloading class 0x000000080221ac48 'jdk/internal/jimage/BasicImageReader$2'
Event: 3533.522 Thread 0x000001d1799de100 Unloading class 0x000000080221aa00 'jdk/internal/jimage/BasicImageReader$1'
Event: 3533.522 Thread 0x000001d1799de100 Unloading class 0x000000080221a780 'jdk/internal/jimage/ImageReader$Resource'
Event: 3533.522 Thread 0x000001d1799de100 Unloading class 0x000000080221a500 'jdk/internal/jimage/ImageReader$LinkNode'
Event: 3533.522 Thread 0x000001d1799de100 Unloading class 0x000000080221a280 'jdk/internal/jimage/ImageReader$Directory'
Event: 3533.522 Thread 0x000001d1799de100 Unloading class 0x000000080221a000 'jdk/internal/jimage/ImageReader$Node'
Event: 3533.522 Thread 0x000001d1799de100 Unloading class 0x0000000802219c38 'jdk/internal/jimage/ImageStrings'
Event: 3533.522 Thread 0x000001d1799de100 Unloading class 0x0000000802219960 'jdk/internal/jimage/ImageReader$SharedImageReader'
Event: 3533.522 Thread 0x000001d1799de100 Unloading class 0x0000000802219688 'jdk/internal/jimage/BasicImageReader'
Event: 3533.522 Thread 0x000001d1799de100 Unloading class 0x0000000802219450 'jdk/internal/jimage/ImageReader'
Event: 3533.522 Thread 0x000001d1799de100 Unloading class 0x0000000802219210 'jdk/internal/jrtfs/SystemImage$2'
Event: 3533.522 Thread 0x000001d1799de100 Unloading class 0x0000000802218fe0 'jdk/internal/jrtfs/SystemImage$$Lambda+0x0000000802218fe0'
Event: 3533.522 Thread 0x000001d1799de100 Unloading class 0x0000000802218d98 'jdk/internal/jrtfs/ExplodedImage'
Event: 3533.522 Thread 0x000001d1799de100 Unloading class 0x0000000802218b48 'jdk/internal/jrtfs/SystemImage$1'
Event: 3533.522 Thread 0x000001d1799de100 Unloading class 0x0000000802218918 'jdk/internal/jrtfs/SystemImage'
Event: 3533.522 Thread 0x000001d1799de100 Unloading class 0x00000008022186a0 'jdk/internal/jrtfs/JrtFileStore'
Event: 3533.522 Thread 0x000001d1799de100 Unloading class 0x0000000802218310 'jdk/internal/jrtfs/JrtPath'
Event: 3533.522 Thread 0x000001d1799de100 Unloading class 0x0000000802218000 'jdk/internal/jrtfs/JrtFileSystem'
Event: 3533.522 Thread 0x000001d1799de100 Unloading class 0x0000000801d84000 'jdk/internal/jrtfs/JrtFileSystemProvider'

Classes redefined (0 events):
No events

Internal exceptions (20 events):
Event: 3535.316 Thread 0x000001d115205a20 Exception <a 'sun/nio/fs/WindowsException'{0x00000006b52630b8}> (0x00000006b52630b8) 
thrown [s\src\hotspot\share\prims\jni.cpp, line 535]
Event: 3535.386 Thread 0x000001d115203950 Exception <a 'sun/nio/fs/WindowsException'{0x00000006b10dc490}> (0x00000006b10dc490) 
thrown [s\src\hotspot\share\prims\jni.cpp, line 535]
Event: 3535.500 Thread 0x000001d10dc19b80 Exception <a 'sun/nio/fs/WindowsException'{0x00000006a987e878}> (0x00000006a987e878) 
thrown [s\src\hotspot\share\prims\jni.cpp, line 535]
Event: 3535.577 Thread 0x000001d10dc19b80 Exception <a 'sun/nio/fs/WindowsException'{0x00000006a601aef8}> (0x00000006a601aef8) 
thrown [s\src\hotspot\share\prims\jni.cpp, line 535]
Event: 3535.689 Thread 0x000001d10dc19b80 Exception <a 'sun/nio/fs/WindowsException'{0x00000007ff806e40}> (0x00000007ff806e40) 
thrown [s\src\hotspot\share\prims\jni.cpp, line 535]
Event: 3535.778 Thread 0x000001d10dc19b80 Exception <a 'sun/nio/fs/WindowsException'{0x00000006c9d68740}> (0x00000006c9d68740) 
thrown [s\src\hotspot\share\prims\jni.cpp, line 535]
Event: 3535.922 Thread 0x000001d10dc19b80 Exception <a 'sun/nio/fs/WindowsException'{0x00000006c042ef98}> (0x00000006c042ef98) 
thrown [s\src\hotspot\share\prims\jni.cpp, line 535]
Event: 3535.996 Thread 0x000001d10dc19b80 Exception <a 'sun/nio/fs/WindowsException'{0x00000006bbbfcfd0}> (0x00000006bbbfcfd0) 
thrown [s\src\hotspot\share\prims\jni.cpp, line 535]
Event: 3536.101 Thread 0x000001d10dc19b80 Exception <a 'sun/nio/fs/WindowsException'{0x00000006b53e07b8}> (0x00000006b53e07b8) 
thrown [s\src\hotspot\share\prims\jni.cpp, line 535]
Event: 3536.138 Thread 0x000001d1152032c0 Exception <a 'sun/nio/fs/WindowsException'{0x00000006b3e424f8}> (0x00000006b3e424f8) 
thrown [s\src\hotspot\share\prims\jni.cpp, line 535]
Event: 3536.167 Thread 0x000001d10dc19b80 Exception <a 'sun/nio/fs/WindowsException'{0x00000006b100d588}> (0x00000006b100d588) 
thrown [s\src\hotspot\share\prims\jni.cpp, line 535]
Event: 3536.250 Thread 0x000001d1152032c0 Exception <a 'sun/nio/fs/WindowsException'{0x00000006ac6969c0}> (0x00000006ac6969c0) 
thrown [s\src\hotspot\share\prims\jni.cpp, line 535]
Event: 3536.299 Thread 0x000001d1152032c0 Exception <a 'sun/nio/fs/WindowsException'{0x00000006a9fd1e10}> (0x00000006a9fd1e10) 
thrown [s\src\hotspot\share\prims\jni.cpp, line 535]
Event: 3536.333 Thread 0x000001d115203fe0 Exception <a 'sun/nio/fs/WindowsException'{0x00000006a89e7568}> (0x00000006a89e7568) 
thrown [s\src\hotspot\share\prims\jni.cpp, line 535]
Event: 3536.364 Thread 0x000001d1152032c0 Exception <a 'sun/nio/fs/WindowsException'{0x00000006a6a1efe8}> (0x00000006a6a1efe8) 
thrown [s\src\hotspot\share\prims\jni.cpp, line 535]
Event: 3536.381 Thread 0x000001d115203fe0 Exception <a 'sun/nio/fs/WindowsException'{0x00000006a5e94d78}> (0x00000006a5e94d78) 
thrown [s\src\hotspot\share\prims\jni.cpp, line 535]
Event: 3536.424 Thread 0x000001d10dc19b80 Exception <a 'sun/nio/fs/WindowsException'{0x00000006a2e1d520}> (0x00000006a2e1d520) 
thrown [s\src\hotspot\share\prims\jni.cpp, line 535]
Event: 3536.588 Thread 0x000001d1152032c0 Exception <a 'sun/nio/fs/WindowsException'{0x00000006c56d61d8}> (0x00000006c56d61d8) 
thrown [s\src\hotspot\share\prims\jni.cpp, line 535]
Event: 3537.911 Thread 0x000001d1152032c0 Exception <a 'sun/nio/fs/WindowsException'{0x00000006b11f5230}> (0x00000006b11f5230) 
thrown [s\src\hotspot\share\prims\jni.cpp, line 535]
Event: 3538.144 Thread 0x000001d1152032c0 Exception <a 'sun/nio/fs/WindowsException'{0x00000006aa4a1850}> (0x00000006aa4a1850) 
thrown [s\src\hotspot\share\prims\jni.cpp, line 535]

ZGC Phase Switch (0 events):
No events

VM Operations (20 events):
Event: 3534.390 Executing VM operation: G1CollectForAllocation (G1 Evacuation Pause) done
Event: 3534.832 Executing VM operation: G1CollectForAllocation (G1 Evacuation Pause)
Event: 3534.849 Executing VM operation: G1CollectForAllocation (G1 Evacuation Pause) done
Event: 3535.006 Executing VM operation: G1PauseRemark
Event: 3535.021 Executing VM operation: G1PauseRemark done
Event: 3535.103 Executing VM operation: G1PauseCleanup
Event: 3535.103 Executing VM operation: G1PauseCleanup done
Event: 3535.669 Executing VM operation: G1CollectForAllocation (G1 Evacuation Pause)
Event: 3535.688 Executing VM operation: G1CollectForAllocation (G1 Evacuation Pause) done
Event: 3536.290 Executing VM operation: ICBufferFull
Event: 3536.290 Executing VM operation: ICBufferFull done
Event: 3536.437 Executing VM operation: G1CollectForAllocation (G1 Evacuation Pause)
Event: 3536.457 Executing VM operation: G1CollectForAllocation (G1 Evacuation Pause) done
Event: 3537.152 Executing VM operation: G1CollectForAllocation (G1 Evacuation Pause)
Event: 3537.180 Executing VM operation: G1CollectForAllocation (G1 Evacuation Pause) done
Event: 3537.349 Executing VM operation: G1PauseRemark
Event: 3537.382 Executing VM operation: G1PauseRemark done
Event: 3537.463 Executing VM operation: G1PauseCleanup
Event: 3537.464 Executing VM operation: G1PauseCleanup done
Event: 3538.234 Executing VM operation: G1CollectForAllocation (G1 Evacuation Pause)

Memory protections (0 events):
No events

Nmethod flushes (20 events):
Event: 3537.372 Thread 0x000001d1799de100 flushing  nmethod 0x000001d1639ebd10
Event: 3537.372 Thread 0x000001d1799de100 flushing  nmethod 0x000001d1639ec790
Event: 3537.372 Thread 0x000001d1799de100 flushing  nmethod 0x000001d163ab5290
Event: 3537.372 Thread 0x000001d1799de100 flushing  nmethod 0x000001d163ab5d90
Event: 3537.372 Thread 0x000001d1799de100 flushing  nmethod 0x000001d163ab6190
Event: 3537.372 Thread 0x000001d1799de100 flushing  nmethod 0x000001d163ab8310
Event: 3537.372 Thread 0x000001d1799de100 flushing  nmethod 0x000001d163ab9410
Event: 3537.372 Thread 0x000001d1799de100 flushing  nmethod 0x000001d163ab9990
Event: 3537.372 Thread 0x000001d1799de100 flushing  nmethod 0x000001d163aba990
Event: 3537.372 Thread 0x000001d1799de100 flushing  nmethod 0x000001d163abae90
Event: 3537.372 Thread 0x000001d1799de100 flushing  nmethod 0x000001d163abb210
Event: 3537.372 Thread 0x000001d1799de100 flushing  nmethod 0x000001d163abc390
Event: 3537.372 Thread 0x000001d1799de100 flushing  nmethod 0x000001d163abc910
Event: 3537.372 Thread 0x000001d1799de100 flushing  nmethod 0x000001d163abd010
Event: 3537.372 Thread 0x000001d1799de100 flushing  nmethod 0x000001d163abd810
Event: 3537.372 Thread 0x000001d1799de100 flushing  nmethod 0x000001d163abec10
Event: 3537.372 Thread 0x000001d1799de100 flushing  nmethod 0x000001d163abfa90
Event: 3537.372 Thread 0x000001d1799de100 flushing  nmethod 0x000001d163ac0590
Event: 3537.372 Thread 0x000001d1799de100 flushing  nmethod 0x000001d163b66810
Event: 3537.372 Thread 0x000001d1799de100 flushing  nmethod 0x000001d163b6ca10

Events (20 events):
Event: 3530.867 Thread 0x000001d1181c4e60 Thread exited: 0x000001d1181c4e60
Event: 3531.620 Thread 0x000001d117b7c890 Thread added: 0x000001d116477850
Event: 3531.623 Thread 0x000001d117b7c890 Thread added: 0x000001d116478c00
Event: 3531.624 Thread 0x000001d117b7c890 Thread added: 0x000001d116479920
Event: 3531.628 Thread 0x000001d117b7c890 Thread added: 0x000001d1164771c0
Event: 3531.632 Thread 0x000001d117b7c890 Thread added: 0x000001d116479290
Event: 3531.634 Thread 0x000001d117b7c890 Thread added: 0x000001d11647a640
Event: 3531.638 Thread 0x000001d117b7c890 Thread added: 0x000001d116479fb0
Event: 3531.659 Thread 0x000001d179ba09b0 Thread added: 0x000001d1181c4e60
Event: 3532.180 Thread 0x000001d10dc1a8a0 Thread added: 0x000001d10dc19b80
Event: 3532.181 Thread 0x000001d10dc1a8a0 Thread added: 0x000001d10dc1c970
Event: 3532.181 Thread 0x000001d10dc1a8a0 Thread added: 0x000001d116478570
Event: 3532.182 Thread 0x000001d10dc1a8a0 Thread added: 0x000001d1152032c0
Event: 3532.182 Thread 0x000001d10dc1a8a0 Thread added: 0x000001d115203fe0
Event: 3532.183 Thread 0x000001d10dc1a8a0 Thread added: 0x000001d115204d00
Event: 3532.183 Thread 0x000001d10dc1a8a0 Thread added: 0x000001d115205390
Event: 3532.183 Thread 0x000001d10dc1a8a0 Thread added: 0x000001d115205a20
Event: 3532.183 Thread 0x000001d10dc1a8a0 Thread added: 0x000001d1152060b0
Event: 3532.184 Thread 0x000001d10dc1a8a0 Thread added: 0x000001d115203950
Event: 3532.184 Thread 0x000001d10dc1a8a0 Thread added: 0x000001d115206740


Dynamic libraries:
0x00007ff695a30000 - 0x00007ff695a3a000 	D:\Android\android-studio\jbr\bin\java.exe
0x00007ffb74a50000 - 0x00007ffb74c68000 	C:\windows\SYSTEM32\ntdll.dll
0x00007ffb72fa0000 - 0x00007ffb73064000 	C:\windows\System32\KERNEL32.DLL
0x00007ffb71e20000 - 0x00007ffb721f3000 	C:\windows\System32\KERNELBASE.dll
0x00007ffb72200000 - 0x00007ffb72311000 	C:\windows\System32\ucrtbase.dll
0x00007ffb6a520000 - 0x00007ffb6a53b000 	D:\Android\android-studio\jbr\bin\VCRUNTIME140.dll
0x00007ffb55ed0000 - 0x00007ffb55ee8000 	D:\Android\android-studio\jbr\bin\jli.dll
0x00007ffb72750000 - 0x00007ffb72902000 	C:\windows\System32\USER32.dll
0x00007ffb71ca0000 - 0x00007ffb71cc6000 	C:\windows\System32\win32u.dll
0x00007ffb54540000 - 0x00007ffb547dc000 	C:\windows\WinSxS\amd64_microsoft.windows.common-controls_6595b64144ccf1df_6.0.22621.6060_none_2712eda17382d24b\COMCTL32.dll
0x00007ffb73f30000 - 0x00007ffb73f59000 	C:\windows\System32\GDI32.dll
0x00007ffb71d00000 - 0x00007ffb71e1b000 	C:\windows\System32\gdi32full.dll
0x00007ffb74940000 - 0x00007ffb749e7000 	C:\windows\System32\msvcrt.dll
0x00007ffb72510000 - 0x00007ffb725aa000 	C:\windows\System32\msvcp_win.dll
0x00007ffb72f60000 - 0x00007ffb72f91000 	C:\windows\System32\IMM32.DLL
0x00007ffb6a510000 - 0x00007ffb6a51c000 	D:\Android\android-studio\jbr\bin\vcruntime140_1.dll
0x00007ffb16570000 - 0x00007ffb165fd000 	D:\Android\android-studio\jbr\bin\msvcp140.dll
0x00007ffb071e0000 - 0x00007ffb07e6b000 	D:\Android\android-studio\jbr\bin\server\jvm.dll
0x00007ffb72920000 - 0x00007ffb729d1000 	C:\windows\System32\ADVAPI32.dll
0x00007ffb73b60000 - 0x00007ffb73c08000 	C:\windows\System32\sechost.dll
0x00007ffb71cd0000 - 0x00007ffb71cf8000 	C:\windows\System32\bcrypt.dll
0x00007ffb73f60000 - 0x00007ffb74078000 	C:\windows\System32\RPCRT4.dll
0x00007ffb72d20000 - 0x00007ffb72d91000 	C:\windows\System32\WS2_32.dll
0x00007ffb70970000 - 0x00007ffb709bd000 	C:\windows\SYSTEM32\POWRPROF.dll
0x00007ffb67ca0000 - 0x00007ffb67caa000 	C:\windows\SYSTEM32\VERSION.dll
0x00007ffb68530000 - 0x00007ffb68564000 	C:\windows\SYSTEM32\WINMM.dll
0x00007ffb70950000 - 0x00007ffb70963000 	C:\windows\SYSTEM32\UMPDC.dll
0x00007ffb70c00000 - 0x00007ffb70c18000 	C:\windows\SYSTEM32\kernel.appcore.dll
0x00007ffb6a470000 - 0x00007ffb6a47a000 	D:\Android\android-studio\jbr\bin\jimage.dll
0x00007ffb6f520000 - 0x00007ffb6f753000 	C:\windows\SYSTEM32\DBGHELP.DLL
0x00007ffb73070000 - 0x00007ffb73401000 	C:\windows\System32\combase.dll
0x00007ffb73e50000 - 0x00007ffb73f28000 	C:\windows\System32\OLEAUT32.dll
0x00007ffb5b910000 - 0x00007ffb5b942000 	C:\windows\SYSTEM32\dbgcore.DLL
0x00007ffb72320000 - 0x00007ffb7239b000 	C:\windows\System32\bcryptPrimitives.dll
0x00007ffb54f90000 - 0x00007ffb54f9e000 	D:\Android\android-studio\jbr\bin\instrument.dll
0x00007ffb685e0000 - 0x00007ffb68600000 	D:\Android\android-studio\jbr\bin\java.dll
0x00007ffb685c0000 - 0x00007ffb685d8000 	D:\Android\android-studio\jbr\bin\zip.dll
0x00007ffb74080000 - 0x00007ffb7491c000 	C:\windows\System32\SHELL32.dll
0x00007ffb71b60000 - 0x00007ffb71c9f000 	C:\windows\System32\wintypes.dll
0x00007ffb6fa20000 - 0x00007ffb7033a000 	C:\windows\SYSTEM32\windows.storage.dll
0x00007ffb735d0000 - 0x00007ffb736d4000 	C:\windows\System32\SHCORE.dll
0x00007ffb72ca0000 - 0x00007ffb72d09000 	C:\windows\System32\shlwapi.dll
0x00007ffb71a90000 - 0x00007ffb71ab5000 	C:\windows\SYSTEM32\profapi.dll
0x00007ffb68800000 - 0x00007ffb68810000 	D:\Android\android-studio\jbr\bin\net.dll
0x00007ffb6bd50000 - 0x00007ffb6be7c000 	C:\windows\SYSTEM32\WINHTTP.dll
0x00007ffb710c0000 - 0x00007ffb71129000 	C:\windows\system32\mswsock.dll
0x00007ffb5ba60000 - 0x00007ffb5ba76000 	D:\Android\android-studio\jbr\bin\nio.dll
0x00007ffb55ef0000 - 0x00007ffb55f00000 	D:\Android\android-studio\jbr\bin\verify.dll
0x00007ffb4f760000 - 0x00007ffb4f787000 	D:\gradle\native\c067742578af261105cb4f569cf0c3c89f3d7b1fecec35dd04571415982c5e48\windows-amd64\native-platform.dll
0x00007ffb16120000 - 0x00007ffb16264000 	D:\gradle\native\100fb08df4bc3b14c8652ba06237920a3bd2aa13389f12d3474272988ae205f9\windows-amd64\native-platform-file-events.dll
0x00007ffb68570000 - 0x00007ffb68579000 	D:\Android\android-studio\jbr\bin\management.dll
0x00007ffb68050000 - 0x00007ffb6805b000 	D:\Android\android-studio\jbr\bin\management_ext.dll
0x00007ffb72d10000 - 0x00007ffb72d18000 	C:\windows\System32\PSAPI.DLL
0x00007ffb712f0000 - 0x00007ffb7130b000 	C:\windows\SYSTEM32\CRYPTSP.dll
0x00007ffb70b50000 - 0x00007ffb70b87000 	C:\windows\system32\rsaenh.dll
0x00007ffb71180000 - 0x00007ffb711a8000 	C:\windows\SYSTEM32\USERENV.dll
0x00007ffb712e0000 - 0x00007ffb712ec000 	C:\windows\SYSTEM32\CRYPTBASE.dll
0x00007ffb70650000 - 0x00007ffb7067d000 	C:\windows\SYSTEM32\IPHLPAPI.DLL
0x00007ffb72740000 - 0x00007ffb72749000 	C:\windows\System32\NSI.dll
0x00007ffb685b0000 - 0x00007ffb685b9000 	D:\Android\android-studio\jbr\bin\extnet.dll
0x00007ffb5b9e0000 - 0x00007ffb5b9e8000 	C:\windows\system32\wshunix.dll
0x00007ffb70d10000 - 0x00007ffb70d44000 	C:\windows\SYSTEM32\ntmarta.dll
0x00007ffb706d0000 - 0x00007ffb707c8000 	C:\windows\SYSTEM32\DNSAPI.dll
0x0000000067030000 - 0x0000000067056000 	C:\Program Files\Bonjour\mdnsNSP.dll
0x00007ffb6a940000 - 0x00007ffb6a94a000 	C:\Windows\System32\rasadhlp.dll
0x00007ffb68930000 - 0x00007ffb689b4000 	C:\windows\System32\fwpuclnt.dll

dbghelp: loaded successfully - version: 4.0.5 - missing functions: none
symbol engine: initialized successfully - sym options: 0x614 - pdb path: .;D:\Android\android-studio\jbr\bin;C:\windows\SYSTEM32;C:\windows\WinSxS\amd64_microsoft.windows.common-controls_6595b64144ccf1df_6.0.22621.6060_none_2712eda17382d24b;D:\Android\android-studio\jbr\bin\server;D:\gradle\native\c067742578af261105cb4f569cf0c3c89f3d7b1fecec35dd04571415982c5e48\windows-amd64;D:\gradle\native\100fb08df4bc3b14c8652ba06237920a3bd2aa13389f12d3474272988ae205f9\windows-amd64;C:\Program Files\Bonjour

VM Arguments:
jvm_args: --add-opens=java.base/java.lang=ALL-UNNAMED --add-opens=java.base/java.lang.invoke=ALL-UNNAMED --add-opens=java.base/java.util=ALL-UNNAMED --add-opens=java.prefs/java.util.prefs=ALL-UNNAMED --add-exports=jdk.compiler/com.sun.tools.javac.api=ALL-UNNAMED --add-exports=jdk.compiler/com.sun.tools.javac.util=ALL-UNNAMED --add-opens=java.base/java.util=ALL-UNNAMED --add-opens=java.prefs/java.util.prefs=ALL-UNNAMED --add-opens=java.base/java.nio.charset=ALL-UNNAMED --add-opens=java.base/java.net=ALL-UNNAMED --add-opens=java.base/java.util.concurrent.atomic=ALL-UNNAMED --add-opens=java.xml/javax.xml.namespace=ALL-UNNAMED -XX:MaxMetaspaceSize=1024m -XX:+HeapDumpOnOutOfMemoryError -Xmx6144m -Dfile.encoding=UTF-8 -Duser.country=IN -Duser.language=en -Duser.variant -javaagent:D:\gradle\wrapper\dists\gradle-8.11.1-bin\bpt9gzteqjrbo1mjrsomdt32c\gradle-8.11.1\lib\agents\gradle-instrumentation-agent-8.11.1.jar 
java_command: org.gradle.launcher.daemon.bootstrap.GradleDaemon 8.11.1
java_class_path (initial): D:\gradle\wrapper\dists\gradle-8.11.1-bin\bpt9gzteqjrbo1mjrsomdt32c\gradle-8.11.1\lib\gradle-daemon-main-8.11.1.jar
Launcher Type: SUN_STANDARD

[Global flags]
     intx CICompilerCount                          = 4                                         {product} {ergonomic}
   size_t CompressedClassSpaceSize                 = 872415232                                 {product} {ergonomic}
     uint ConcGCThreads                            = 3                                         {product} {ergonomic}
     uint G1ConcRefinementThreads                  = 10                                        {product} {ergonomic}
   size_t G1HeapRegionSize                         = 4194304                                   {product} {ergonomic}
    uintx GCDrainStackTargetSize                   = 64                                        {product} {ergonomic}
     bool HeapDumpOnOutOfMemoryError               = true                                   {manageable} {command line}
   size_t InitialHeapSize                          = 264241152                                 {product} {ergonomic}
   size_t MarkStackSize                            = 4194304                                   {product} {ergonomic}
   size_t MaxHeapSize                              = 6442450944                                {product} {command line}
   size_t MaxMetaspaceSize                         = 1073741824                                {product} {command line}
   size_t MaxNewSize                               = 3862953984                                {product} {ergonomic}
   size_t MinHeapDeltaBytes                        = 4194304                                   {product} {ergonomic}
   size_t MinHeapSize                              = 8388608                                   {product} {ergonomic}
    uintx NonNMethodCodeHeapSize                   = 5839372                                {pd product} {ergonomic}
    uintx NonProfiledCodeHeapSize                  = 122909434                              {pd product} {ergonomic}
    uintx ProfiledCodeHeapSize                     = 122909434                              {pd product} {ergonomic}
    uintx ReservedCodeCacheSize                    = 251658240                              {pd product} {ergonomic}
     bool SegmentedCodeCache                       = true                                      {product} {ergonomic}
   size_t SoftMaxHeapSize                          = 6442450944                             {manageable} {ergonomic}
     bool UseCompressedOops                        = true                           {product lp64_product} {ergonomic}
     bool UseG1GC                                  = true                                      {product} {ergonomic}
     bool UseLargePagesIndividualAllocation        = false                                  {pd product} {ergonomic}

Logging:
Log output configuration:
 #0: stdout all=warning uptime,level,tags foldmultilines=false
 #1: stderr all=off uptime,level,tags foldmultilines=false

Environment Variables:
PATH=C:\Program Files\Common Files\Oracle\Java\javapath;D:\Java\bin;C:\Program Files (x86)\Common Files\Oracle\Java\java8path;C:\Program Files (x86)\Common Files\Oracle\Java\javapath;C:\Program Files (x86)\Common Files\Intel\Shared Libraries\redist\intel64\compiler;C:\windows\system32;C:\windows;C:\windows\System32\Wbem;C:\windows\System32\WindowsPowerShell\v1.0\;C:\windows\System32\OpenSSH\;C:\Program Files (x86)\NVIDIA Corporation\PhysX\Common;C:\Program Files\NVIDIA Corporation\NVIDIA NvDLISR;C:\Program Files (x86)\ZeroTier\One\;C:\Program Files\dotnet\;D:\Git\cmd;D:\Git\Git LFS;C:\Program Files\Netbird;D:\nodejs\;C:\Users\sanja\AppData\Local\Programs\Python\Python313\Scripts\;C:\Users\sanja\AppData\Local\Programs\Python\Python313\;C:\Program Files (x86)\Common Files\Oracle\Java\java8path;C:\Program Files (x86)\Common Files\Oracle\Java\javapath;C:\Program Files (x86)\Common Files\Intel\Shared Libraries\redist\intel64\compiler;C:\windows\system32;C:\windows;C:\windows\System32\Wbem;C:\windows\System32\WindowsPowerShell\v1.0\;C:\windows\System32\OpenSSH\;C:\Program Files (x86)\NVIDIA Corporation\PhysX\Common;C:\Program Files\NVIDIA Corporation\NVIDIA NvDLISR;C:\Users\sanja\AppData\Local\Programs\Python\Launcher\;C:\Users\sanja\AppData\Local\Microsoft\WindowsApps;C:\Python34\Scripts;C:\Users\sanja\AppData\Roaming\npm
USERNAME=sanja
OS=Windows_NT
PROCESSOR_IDENTIFIER=Intel64 Family 6 Model 154 Stepping 3, GenuineIntel
TMP=C:\Users\sanja\AppData\Local\Temp
TEMP=C:\Users\sanja\AppData\Local\Temp




Periodic native trim disabled

JNI global refs:
JNI global refs: 31, weak refs: 407

JNI global refs memory usage: 835, weak refs: 5953

Process memory usage:
Resident Set Size: 1917120K (11% of 16437400K total physical memory with 472600K free physical memory)

OOME stack traces (most recent first):
Classloader memory used:
Loader org.gradle.internal.classloader.VisitableURLClassLoader                         : 108M
Loader org.gradle.internal.classloader.VisitableURLClassLoader$InstrumentingVisitableURLClassLoader: 93360K
Loader bootstrap                                                                       : 39277K
Loader org.gradle.initialization.MixInLegacyTypesClassLoader                           : 17821K
Loader jdk.internal.loader.ClassLoaders$AppClassLoader                                 : 9722K
Loader org.gradle.internal.classloader.VisitableURLClassLoader                         : 9005K
Loader jdk.internal.reflect.DelegatingClassLoader                                      : 1582K
Loader jdk.internal.loader.ClassLoaders$PlatformClassLoader                            : 1081K
Loader org.gradle.groovy.scripts.internal.DefaultScriptCompilationHandler$ScriptClassLoader: 618K
Loader jdk.internal.jrtfs.JrtFileSystemProvider$JrtFsLoader                            : 341K
Loader org.codehaus.groovy.runtime.callsite.CallSiteClassLoader                        : 106K
Loader sun.reflect.misc.MethodUtil                                                     : 2952B

Classes loaded by more than one classloader:
Class com.amazon.ion.impl.bin.IonRawBinaryWriter$ContainerInfo                        : loaded 10 times (x 70B)
Class com.amazon.ion.impl.bin.IonManagedBinaryWriter                                  : loaded 10 times (x 162B)
Class com.amazon.ion.impl.bin.IonManagedBinaryWriter$UserState$1                      : loaded 10 times (x 81B)
Class org.jetbrains.plugins.gradle.tooling.serialization.internal.IdeaProjectSerializationService$ReadContext: loaded 10 times (x 68B)
Class [Lcom.amazon.ion.SymbolToken;                                                   : loaded 10 times (x 65B)
Class org.jetbrains.plugins.gradle.tooling.serialization.RepositoriesModelSerializationService$WriteContext: loaded 10 times (x 68B)
Class com.amazon.ion.impl._Private_IonBinaryWriterBuilder                             : loaded 10 times (x 111B)
Class com.amazon.ion.impl.bin.WriteBuffer                                             : loaded 10 times (x 74B)
Class com.intellij.gradle.toolingExtension.impl.model.warmUp.GradleTaskWarmUpRequest  : loaded 10 times (x 66B)
Class com.amazon.ion.BufferConfiguration$DataHandler                                  : loaded 10 times (x 66B)
Class com.amazon.ion.impl._Private_LocalSymbolTable                                   : loaded 10 times (x 66B)
Class com.amazon.ion.ReadOnlyValueException                                           : loaded 10 times (x 80B)
Class com.amazon.ion.IonSexp                                                          : loaded 10 times (x 66B)
Class com.amazon.ion.UnexpectedEofException                                           : loaded 10 times (x 80B)
Class com.amazon.ion.impl.lite.IonBlobLite                                            : loaded 10 times (x 215B)
Class com.amazon.ion.impl.bin.IonManagedBinaryWriter$UserState$2                      : loaded 10 times (x 81B)
Class com.amazon.ion.impl._Private_IonValue                                           : loaded 10 times (x 66B)
Class com.amazon.ion.impl.LocalSymbolTable                                            : loaded 10 times (x 117B)
Class com.intellij.gradle.toolingExtension.impl.model.sourceSetModel.GradleSourceSetSerialisationService$Companion: loaded 10 times (x 67B)
Class org.jetbrains.plugins.gradle.tooling.serialization.SerializationService         : loaded 10 times (x 66B)
Class org.jetbrains.plugins.gradle.model.RepositoryModels                             : loaded 10 times (x 66B)
Class com.android.ide.gradle.model.LegacyAndroidGradlePluginProperties                : loaded 10 times (x 66B)
Class com.amazon.ion.IonNull                                                          : loaded 10 times (x 66B)
Class org.jetbrains.plugins.gradle.tooling.serialization.GradleExtensionsSerializationService$ReadContext: loaded 10 times (x 68B)
Class com.intellij.gradle.toolingExtension.impl.model.projectModel.GradleExternalProjectSerializationService$WriteContext: loaded 10 times (x 69B)
Class com.amazon.ion.impl.bin.IonManagedBinaryWriter$SymbolState$2                    : loaded 10 times (x 76B)
Class com.amazon.ion.impl.lite.ContainerlessContext                                   : loaded 10 times (x 76B)
Class com.amazon.ion.impl._Private_RecyclingQueue$Recycler                            : loaded 10 times (x 66B)
Class com.amazon.ion.impl.bin._Private_IonManagedBinaryWriterBuilder                  : loaded 10 times (x 68B)
Class org.jetbrains.plugins.gradle.model.ExternalSourceSet                            : loaded 10 times (x 66B)
Class org.jetbrains.plugins.gradle.model.ProjectImportModelProvider                   : loaded 10 times (x 66B)
Class com.intellij.gradle.toolingExtension.impl.model.sourceSetModel.GradleSourceSetSerialisationService$SourceSetModelWriteContext: loaded 10 times (x 68B)
Class org.jetbrains.plugins.gradle.tooling.serialization.internal.adapter.InternalBuildIdentifier: loaded 10 times (x 71B)
Class com.amazon.ion.impl.bin.IonManagedBinaryWriter$UserState$3                      : loaded 10 times (x 81B)
Class com.amazon.ion.IonException                                                     : loaded 10 times (x 80B)
Class org.jetbrains.plugins.gradle.tooling.util.IntObjectMap$ObjectFactory            : loaded 10 times (x 66B)
Class com.amazon.ion.impl._Private_IonWriter                                          : loaded 10 times (x 66B)
Class com.amazon.ion.impl.bin.IonManagedBinaryWriter$UserState                        : loaded 10 times (x 81B)
Class com.intellij.gradle.toolingExtension.impl.model.utilTurnOffDefaultTasksModel.TurnOffDefaultTasks: loaded 10 times (x 66B)
Class com.intellij.gradle.toolingExtension.impl.model.sourceSetModel.GradleSourceSetSerialisationService$SourceSetModelReadContext: loaded 10 times (x 68B)
Class org.jetbrains.plugins.gradle.tooling.serialization.internal.IdeaProjectSerializationService$WriteContext$7: loaded 10 times (x 79B)
Class com.amazon.ion.IonCatalog                                                       : loaded 10 times (x 66B)
Class com.amazon.ion.impl.bin.IonManagedBinaryWriter$SymbolState$3                    : loaded 10 times (x 76B)
Class com.amazon.ion.IonList                                                          : loaded 10 times (x 66B)
Class com.amazon.ion.system.IonSystemBuilder                                          : loaded 10 times (x 71B)
Class com.amazon.ion.impl._Private_IonWriterBase                                      : loaded 10 times (x 158B)
Class org.jetbrains.plugins.gradle.model.UnresolvedExternalDependency                 : loaded 10 times (x 66B)
Class org.jetbrains.plugins.gradle.tooling.serialization.internal.adapter.Supplier    : loaded 10 times (x 66B)
Class com.amazon.ion.impl.bin.IonManagedBinaryWriter$UserState$4                      : loaded 10 times (x 81B)
Class org.jetbrains.plugins.gradle.model.ExternalProjectDependency                    : loaded 10 times (x 66B)
Class com.amazon.ion.system.IonBinaryWriterBuilder                                    : loaded 10 times (x 95B)
Class org.jetbrains.plugins.gradle.model.GradleExtensions                             : loaded 10 times (x 66B)
Class org.jetbrains.plugins.gradle.model.AnnotationProcessingModel                    : loaded 10 times (x 66B)
Class com.amazon.ion.IonSystem                                                        : loaded 10 times (x 66B)
Class [Lcom.amazon.ion.impl.bin.IonManagedBinaryWriter$SymbolState;                   : loaded 10 times (x 65B)
Class com.amazon.ion.impl.bin.IonRawBinaryWriter$StreamFlushMode                      : loaded 10 times (x 75B)
Class com.amazon.ion.IonBinaryWriter                                                  : loaded 10 times (x 66B)
Class com.intellij.gradle.toolingExtension.impl.model.sourceSetArtifactIndex.GradleSourceSetArtifactBuildRequest: loaded 10 times (x 66B)
Class com.amazon.ion.impl.bin.IonManagedBinaryWriter$ImportedSymbolContext            : loaded 10 times (x 68B)
Class org.jetbrains.plugins.gradle.tooling.serialization.RepositoriesModelSerializationService$ReadContext: loaded 10 times (x 68B)
Class [Lcom.amazon.ion.impl.bin.AbstractIonWriter$WriteValueOptimization;             : loaded 10 times (x 65B)
Class com.intellij.util.ThrowableConsumer                                             : loaded 10 times (x 66B)
Class com.intellij.gradle.toolingExtension.impl.model.sourceSetModel.GradleSourceSetSerialisationService: loaded 10 times (x 73B)
Class org.jetbrains.plugins.gradle.javaModel.JavaGradleManifestModel                  : loaded 10 times (x 66B)
Class com.intellij.gradle.toolingExtension.impl.model.taskModel.GradleTaskSerialisationService$Companion: loaded 10 times (x 67B)
Class org.jetbrains.plugins.gradle.tooling.serialization.GradleExtensionsSerializationService$WriteContext: loaded 10 times (x 68B)
Class com.amazon.ion.SymbolTable                                                      : loaded 10 times (x 66B)
Class com.amazon.ion.impl.bin.IonManagedBinaryWriter$ImportDescriptor                 : loaded 10 times (x 72B)
Class com.amazon.ion.impl.bin.IonManagedBinaryWriter$SymbolState$4                    : loaded 10 times (x 76B)
Class org.jetbrains.plugins.gradle.tooling.serialization.RepositoriesModelSerializationService: loaded 10 times (x 78B)
Class org.jetbrains.plugins.gradle.model.VersionCatalogsModel                         : loaded 10 times (x 66B)
Class com.amazon.ion.impl.bin.Symbols                                                 : loaded 10 times (x 67B)
Class com.amazon.ion.SubstituteSymbolTableException                                   : loaded 10 times (x 80B)
Class com.amazon.ion.impl.SymbolTokenImpl                                             : loaded 10 times (x 77B)
Class com.amazon.ion.IonText                                                          : loaded 10 times (x 66B)
Class org.jetbrains.kotlin.idea.gradleTooling.AndroidAwareGradleModelProvider$Companion: loaded 10 times (x 67B)
Class [Lcom.amazon.ion.impl.bin.IonRawBinaryWriter$StreamCloseMode;                   : loaded 10 times (x 65B)
Class com.amazon.ion.impl.lite.IonSymbolLite                                          : loaded 10 times (x 242B)
Class com.amazon.ion.impl.bin.IonManagedBinaryWriter$ImportedSymbolResolverMode$1     : loaded 10 times (x 76B)
Class com.amazon.ion.IonBufferConfiguration                                           : loaded 10 times (x 69B)
Class com.intellij.util.containers.IntObjectHashMap$ArrayProducer                     : loaded 10 times (x 66B)
Class org.jetbrains.kotlin.idea.gradleTooling.model.noarg.NoArgModel                  : loaded 10 times (x 66B)
Class com.android.ide.gradle.model.artifacts.AdditionalClassifierArtifactsModel       : loaded 10 times (x 66B)
Class com.amazon.ion.impl.bin.utf8.Pool$Allocator                                     : loaded 10 times (x 66B)
Class com.amazon.ion.impl.bin.utf8.Utf8StringEncoder$Result                           : loaded 10 times (x 70B)
Class com.intellij.gradle.toolingExtension.impl.model.dependencyModel.DependencyReadContext: loaded 10 times (x 68B)
Class [Lcom.amazon.ion.impl.bin.IonRawBinaryWriter$ContainerType;                     : loaded 10 times (x 65B)
Class com.amazon.ion.impl.lite.IonIntLite                                             : loaded 10 times (x 185B)
Class com.intellij.gradle.toolingExtension.impl.model.sourceSetDependencyModel.GradleSourceSetDependencySerialisationService$SourceSetDependencyModelReadContext: loaded 10 times (x 68B)
Class org.jetbrains.plugins.gradle.model.GradleExtension                              : loaded 10 times (x 66B)
Class com.amazon.ion.impl.bin.IonManagedBinaryWriter$ImportedSymbolResolverMode$2     : loaded 10 times (x 76B)
Class com.amazon.ion.util._Private_FastAppendable                                     : loaded 10 times (x 66B)
Class com.amazon.ion.IonBufferConfiguration$Builder                                   : loaded 10 times (x 74B)
Class com.amazon.ion.impl.lite.IonDecimalLite                                         : loaded 10 times (x 184B)
Class [Lcom.amazon.ion.impl.bin.IonRawBinaryWriter$PreallocationMode;                 : loaded 10 times (x 65B)
Class com.amazon.ion.impl.lite.IonSexpLite                                            : loaded 10 times (x 486B)
Class com.amazon.ion.impl.bin.IonRawBinaryWriter$PreallocationMode$3                  : loaded 10 times (x 78B)
Class com.amazon.ion.impl.lite.IonListLite                                            : loaded 10 times (x 486B)
Class com.android.ide.gradle.model.GradlePluginModel                                  : loaded 10 times (x 66B)
Class [Lcom.amazon.ion.IonType;                                                       : loaded 10 times (x 65B)
Class com.amazon.ion.impl.LocalSymbolTableAsStruct$Factory                            : loaded 10 times (x 75B)
Class com.amazon.ion.IonFloat                                                         : loaded 10 times (x 66B)
Class org.jetbrains.plugins.gradle.tooling.serialization.KotlinDslScriptsModelSerializationService: loaded 10 times (x 77B)
Class com.amazon.ion.impl.LocalSymbolTable$Factory                                    : loaded 10 times (x 73B)
Class org.jetbrains.plugins.gradle.tooling.serialization.internal.IdeaProjectSerializationService: loaded 10 times (x 73B)
Class com.amazon.ion.impl.bin.IonManagedBinaryWriter$SymbolState$1                    : loaded 10 times (x 76B)
Class com.intellij.openapi.externalSystem.model.project.dependencies.ProjectDependencies: loaded 10 times (x 66B)
Class org.jetbrains.kotlin.idea.gradleTooling.PrepareKotlinIdeImportTaskModel         : loaded 10 times (x 66B)
Class com.amazon.ion.impl.bin.IonRawBinaryWriter$PreallocationMode$2                  : loaded 10 times (x 78B)
Class com.amazon.ion.IonInt                                                           : loaded 10 times (x 66B)
Class com.amazon.ion.impl.lite.IonSystemLite                                          : loaded 10 times (x 271B)
Class com.amazon.ion.impl.bin.IonRawBinaryWriter$PreallocationMode                    : loaded 10 times (x 78B)
Class com.amazon.ion.impl.bin._Private_IonRawWriter                                   : loaded 10 times (x 66B)
Class com.amazon.ion.IonWriter                                                        : loaded 10 times (x 66B)
Class org.gradle.internal.impldep.gnu.trove.TObjectIdentityHashingStrategy            : loaded 10 times (x 74B)
Class org.jetbrains.plugins.gradle.tooling.serialization.ProjectDependenciesSerializationService$ReadContext: loaded 10 times (x 68B)
Class org.jetbrains.plugins.gradle.tooling.serialization.internal.IdeaProjectSerializationService$WriteContext$1: loaded 10 times (x 79B)
Class com.intellij.gradle.toolingExtension.impl.model.dependencyDownloadPolicyModel.GradleDependencyDownloadPolicy: loaded 10 times (x 66B)
Class com.amazon.ion.impl.bin.IonManagedBinaryWriter$ImportedSymbolResolverMode       : loaded 10 times (x 76B)
Class org.jetbrains.plugins.gradle.model.ExternalProject                              : loaded 10 times (x 66B)
Class org.jetbrains.kotlin.idea.gradleTooling.KotlinMPPGradleModel                    : loaded 10 times (x 66B)
Class [Lcom.amazon.ion.impl.bin._Private_IonManagedBinaryWriterBuilder$AllocatorMode; : loaded 10 times (x 65B)
Class com.amazon.ion.impl.bin.IonRawBinaryWriter$PreallocationMode$1                  : loaded 10 times (x 78B)
Class com.amazon.ion.impl._Private_ValueFactory                                       : loaded 10 times (x 66B)
Class com.amazon.ion.impl.lite.IonClobLite                                            : loaded 10 times (x 216B)
Class com.amazon.ion.impl._Private_RecyclingQueue$ElementFactory                      : loaded 10 times (x 66B)
Class com.amazon.ion.impl._Private_IonContainer                                       : loaded 10 times (x 66B)
Class com.intellij.gradle.toolingExtension.impl.model.buildScriptClasspathModel.GradleBuildScriptClasspathSerializationService: loaded 10 times (x 73B)
Class com.intellij.gradle.toolingExtension.impl.model.buildScriptClasspathModel.GradleBuildScriptClasspathSerializationService$ReadContext: loaded 10 times (x 68B)
Class org.gradle.internal.impldep.gnu.trove.TObjectIntHashMap                         : loaded 10 times (x 105B)
Class org.jetbrains.kotlin.idea.gradleTooling.model.allopen.AllOpenModel              : loaded 10 times (x 66B)
Class com.intellij.openapi.externalSystem.model.project.IExternalSystemSourceType     : loaded 10 times (x 66B)
Class com.amazon.ion.impl._Private_IonReaderBuilder$Mutable                           : loaded 10 times (x 91B)
Class com.amazon.ion.impl.LocalSymbolTableAsStruct                                    : loaded 10 times (x 122B)
Class org.jetbrains.plugins.gradle.model.DependencyAccessorsModel                     : loaded 10 times (x 66B)
Class org.gradle.internal.impldep.gnu.trove.TObjectHash                               : loaded 10 times (x 90B)
Class [Lcom.intellij.openapi.externalSystem.model.project.dependencies.ResolutionState;: loaded 10 times (x 65B)
Class com.amazon.ion.impl.lite.IonNullLite                                            : loaded 10 times (x 171B)
Class com.amazon.ion.impl.bin.utf8.Pool                                               : loaded 10 times (x 70B)
Class com.amazon.ion.impl._Private_SymtabExtendsCache                                 : loaded 10 times (x 68B)
Class com.amazon.ion.impl.lite.IonTimestampLite                                       : loaded 10 times (x 188B)
Class com.amazon.ion.impl._Private_RecyclingStack$$Iterator                           : loaded 10 times (x 95B)
Class com.amazon.ion.impl.SharedSymbolTable                                           : loaded 10 times (x 89B)
Class com.amazon.ion.impl.bin.IonRawBinaryWriter                                      : loaded 10 times (x 165B)
Class com.amazon.ion.SymbolToken                                                      : loaded 10 times (x 66B)
Class org.jetbrains.plugins.gradle.model.FileCollectionDependency                     : loaded 10 times (x 66B)
Class org.gradle.internal.impldep.gnu.trove.TObjectHashingStrategy                    : loaded 10 times (x 66B)
Class com.intellij.gradle.toolingExtension.impl.model.utilDummyModel.DummyModel       : loaded 10 times (x 66B)
Class org.jetbrains.plugins.gradle.model.GradleTaskModel                              : loaded 10 times (x 66B)
Class org.jetbrains.plugins.gradle.tooling.util.ObjectCollector                       : loaded 10 times (x 68B)
Class com.amazon.ion.impl.bin._Private_IonManagedBinaryWriterBuilder$AllocatorMode    : loaded 10 times (x 76B)
Class com.amazon.ion.impl._Private_SymbolToken                                        : loaded 10 times (x 66B)
Class org.jetbrains.plugins.gradle.tooling.serialization.AnnotationProcessingModelSerializationService: loaded 10 times (x 73B)
Class com.amazon.ion.impl._Private_LocalSymbolTableFactory                            : loaded 10 times (x 66B)
Class com.amazon.ion.impl.bin.IonManagedBinaryWriter$ImportedSymbolResolverMode$1$1$1 : loaded 10 times (x 72B)
Class com.amazon.ion.impl.bin.IonManagedBinaryWriter$SymbolResolver                   : loaded 10 times (x 66B)
Class com.amazon.ion.system.IonTextWriterBuilder                                      : loaded 10 times (x 94B)
Class com.amazon.ion.impl._Private_IonReaderBuilder$TwoElementSequenceInputStream     : loaded 10 times (x 88B)
Class com.intellij.util.containers.IntObjectHashMap                                   : loaded 10 times (x 68B)
Class org.jetbrains.plugins.gradle.model.ExternalDependency                           : loaded 10 times (x 66B)
Class com.amazon.ion.IonString                                                        : loaded 10 times (x 66B)
Class org.jetbrains.plugins.gradle.tooling.serialization.ExternalTestsSerializationService: loaded 10 times (x 73B)
Class org.jetbrains.plugins.gradle.model.GradleSourceSetDependencyModel               : loaded 10 times (x 66B)
Class com.amazon.ion.impl.lite.IonBoolLite                                            : loaded 10 times (x 174B)
Class org.gradle.internal.impldep.gnu.trove.TObjectHash$NULL                          : loaded 10 times (x 67B)
Class com.amazon.ion.impl.lite.ValueFactoryLite                                       : loaded 10 times (x 214B)
Class com.android.ide.gradle.model.LegacyV1AgpVersionModel                            : loaded 10 times (x 66B)
Class com.amazon.ion.IonLob                                                           : loaded 10 times (x 66B)
Class com.amazon.ion.IonBlob                                                          : loaded 10 times (x 66B)
Class com.amazon.ion.IonSequence                                                      : loaded 10 times (x 66B)
Class com.amazon.ion.impl.bin.IonRawBinaryWriter$PatchPoint                           : loaded 10 times (x 69B)
Class com.amazon.ion.BufferConfiguration                                              : loaded 10 times (x 69B)
Class com.amazon.ion.system.SimpleCatalog                                             : loaded 10 times (x 87B)
Class org.jetbrains.plugins.gradle.tooling.serialization.internal.IdeaProjectSerializationService$WriteContext$2: loaded 10 times (x 79B)
Class com.intellij.gradle.toolingExtension.impl.model.projectModel.GradleExternalProjectSerializationService: loaded 10 times (x 73B)
Class com.amazon.ion.impl._Private_IonBinaryWriterBuilder$Mutable                     : loaded 10 times (x 111B)
Class org.gradle.internal.impldep.gnu.trove.PrimeFinder                               : loaded 10 times (x 67B)
Class com.amazon.ion.ValueFactory                                                     : loaded 10 times (x 66B)
Class org.jetbrains.kotlin.idea.gradleTooling.model.kapt.KaptGradleModel              : loaded 10 times (x 66B)
Class org.jetbrains.kotlin.idea.gradleTooling.KotlinDslScriptAdditionalTask           : loaded 10 times (x 66B)
Class org.jetbrains.plugins.gradle.model.ClasspathEntryModel                          : loaded 10 times (x 66B)
Class [Lcom.amazon.ion.impl.bin.IonManagedBinaryWriter$ImportedSymbolResolverMode;    : loaded 10 times (x 65B)
Class com.amazon.ion.impl.IonWriterSystemText                                         : loaded 10 times (x 186B)
Class com.amazon.ion.impl.bin.IonRawBinaryWriter$StreamCloseMode                      : loaded 10 times (x 75B)
Class com.amazon.ion.impl.lite.IonContext                                             : loaded 10 times (x 66B)
Class com.amazon.ion.impl.lite.IonLoaderLite                                          : loaded 10 times (x 78B)
Class org.jetbrains.plugins.gradle.model.tests.ExternalTestsModel                     : loaded 10 times (x 66B)
Class com.amazon.ion.impl.bin.utf8.Utf8StringEncoderPool$1                            : loaded 10 times (x 72B)
Class com.amazon.ion.IonDecimal                                                       : loaded 10 times (x 66B)
Class org.jetbrains.plugins.gradle.model.ExternalTask                                 : loaded 10 times (x 66B)
Class com.android.ide.gradle.model.AdditionalClassifierArtifactsModelParameter        : loaded 10 times (x 66B)
Class com.intellij.gradle.toolingExtension.impl.model.taskModel.GradleTaskSerialisationService: loaded 10 times (x 72B)
Class com.amazon.ion.IonTimestamp                                                     : loaded 10 times (x 66B)
Class com.amazon.ion.impl.bin.PooledBlockAllocatorProvider$PooledBlockAllocator       : loaded 10 times (x 77B)
Class org.jetbrains.plugins.gradle.tooling.util.IntObjectMap                          : loaded 10 times (x 69B)
Class org.jetbrains.plugins.gradle.tooling.serialization.GradleExtensionsSerializationService: loaded 10 times (x 73B)
Class com.amazon.ion.system.IonSystemBuilder$Mutable                                  : loaded 10 times (x 71B)
Class com.amazon.ion.impl.bin.IonManagedBinaryWriter$SymbolResolverBuilder            : loaded 10 times (x 66B)
Class org.jetbrains.plugins.gradle.model.GradleConfiguration                          : loaded 10 times (x 66B)
Class com.amazon.ion.BufferConfiguration$OversizedValueHandler                        : loaded 10 times (x 66B)
Class com.amazon.ion.impl._Private_IonSystem                                          : loaded 10 times (x 66B)
Class com.amazon.ion.impl.bin.utf8.Utf8StringEncoderPool                              : loaded 10 times (x 70B)
Class com.amazon.ion.IonContainer                                                     : loaded 10 times (x 66B)
Class org.jetbrains.plugins.gradle.tooling.util.IntObjectMap$1                        : loaded 10 times (x 73B)
Class org.gradle.internal.impldep.com.google.common.base.Preconditions                : loaded 10 times (x 67B)
Class com.amazon.ion.IonDatagram                                                      : loaded 10 times (x 66B)
Class com.amazon.ion.impl._Private_RecyclingStack$ElementFactory                      : loaded 10 times (x 66B)
Class com.amazon.ion.impl.bin.IonManagedBinaryWriter$ImportedSymbolResolverMode$1$1   : loaded 10 times (x 74B)
Class com.amazon.ion.impl._Private_ByteTransferSink                                   : loaded 10 times (x 66B)
Class [Lcom.amazon.ion.impl.bin.IonRawBinaryWriter$StreamFlushMode;                   : loaded 10 times (x 65B)
Class com.intellij.openapi.externalSystem.model.project.dependencies.ResolutionState  : loaded 10 times (x 75B)
Class com.amazon.ion.UnsupportedIonVersionException                                   : loaded 10 times (x 81B)
Class org.jetbrains.kotlin.idea.gradleTooling.model.parcelize.ParcelizeGradleModel    : loaded 10 times (x 66B)
Class com.intellij.gradle.toolingExtension.impl.model.dependencyModel.DependencyWriteContext: loaded 10 times (x 68B)
Class com.intellij.gradle.toolingExtension.impl.model.projectModel.GradleExternalProjectSerializationService$ReadContext: loaded 10 times (x 69B)
Class org.jetbrains.kotlin.idea.gradleTooling.model.lombok.LombokModel                : loaded 10 times (x 66B)
Class com.amazon.ion.impl.bin.Block                                                   : loaded 10 times (x 75B)
Class com.amazon.ion.impl.bin.IonManagedBinaryWriter$SymbolState                      : loaded 10 times (x 76B)
Class com.amazon.ion.impl._Private_Utils                                              : loaded 10 times (x 67B)
Class com.amazon.ion.IonStruct                                                        : loaded 10 times (x 66B)
Class com.amazon.ion.impl._Private_IonSymbol                                          : loaded 10 times (x 66B)
Class com.amazon.ion.impl.lite.IonValueLite                                           : loaded 10 times (x 143B)
Class org.jetbrains.plugins.gradle.tooling.serialization.ExternalTestsSerializationService$WriteContext: loaded 10 times (x 68B)
Class org.jetbrains.plugins.gradle.model.GradleProperty                               : loaded 10 times (x 66B)
Class com.amazon.ion.IonLoader                                                        : loaded 10 times (x 66B)
Class com.amazon.ion.impl.bin.PooledBlockAllocatorProvider                            : loaded 10 times (x 69B)
Class org.jetbrains.kotlin.idea.gradleTooling.KotlinGradleModel                       : loaded 10 times (x 66B)
Class org.jetbrains.plugins.gradle.tooling.serialization.internal.IdeaProjectSerializationService$WriteContext$6: loaded 10 times (x 79B)
Class org.jetbrains.plugins.gradle.model.GradleBuildScriptClasspathModel              : loaded 10 times (x 66B)
Class org.jetbrains.plugins.gradle.model.ExternalLibraryDependency                    : loaded 10 times (x 66B)
Class ijInit1_9z0jb7d10e5d9xiyaz5ghq77z                                               : loaded 10 times (x 175B)
Class com.amazon.ion.impl.lite.IonStringLite                                          : loaded 10 times (x 208B)
Class org.jetbrains.kotlin.idea.gradleTooling.model.assignment.AssignmentModel        : loaded 10 times (x 66B)
Class com.amazon.ion.IonBool                                                          : loaded 10 times (x 66B)
Class com.amazon.ion.impl.bin.utf8.Utf8StringEncoder                                  : loaded 10 times (x 76B)
Class [Lcom.amazon.ion.impl.bin.IonManagedBinaryWriter$UserState;                     : loaded 10 times (x 65B)
Class org.gradle.internal.impldep.gnu.trove.TObjectIntProcedure                       : loaded 10 times (x 66B)
Class com.amazon.ion.impl.bin.PooledBlockAllocatorProvider$PooledBlockAllocator$1     : loaded 10 times (x 75B)
Class com.amazon.ion.IonType                                                          : loaded 10 times (x 75B)
Class com.amazon.ion.impl.lite._Private_LiteDomTrampoline                             : loaded 10 times (x 67B)
Class com.amazon.ion.IonValue                                                         : loaded 10 times (x 66B)
Class com.amazon.ion.impl._Private_RecyclingQueue$ElementIterator                     : loaded 10 times (x 78B)
Class com.amazon.ion.IonNumber                                                        : loaded 10 times (x 66B)
Class com.amazon.ion.impl.lite.IonTextLite                                            : loaded 10 times (x 177B)
Class com.amazon.ion.impl.lite.IonLobLite                                             : loaded 10 times (x 180B)
Class com.amazon.ion.impl.bin.IntList                                                 : loaded 10 times (x 73B)
Class org.jetbrains.plugins.gradle.tooling.ModelBuilderService$Parameter              : loaded 10 times (x 66B)
Class com.amazon.ion.impl.IonWriterSystemTextMarkup                                   : loaded 10 times (x 188B)
Class org.jetbrains.plugins.gradle.model.IntelliJProjectSettings                      : loaded 10 times (x 66B)
Class org.jetbrains.kotlin.idea.gradleTooling.model.annotation.AnnotationBasedPluginModel: loaded 10 times (x 66B)
Class com.amazon.ion.impl.bin.BlockAllocator                                          : loaded 10 times (x 76B)
Class com.amazon.ion.IonClob                                                          : loaded 10 times (x 66B)
Class org.gradle.internal.impldep.gnu.trove.TObjectCanonicalHashingStrategy           : loaded 10 times (x 76B)
Class com.amazon.ion.impl._Private_RecyclingQueue                                     : loaded 10 times (x 76B)
Class com.intellij.gradle.toolingExtension.impl.model.buildScriptClasspathModel.GradleBuildScriptClasspathSerializationService$WriteContext: loaded 10 times (x 68B)
Class com.amazon.ion.IonMutableCatalog                                                : loaded 10 times (x 66B)
Class com.amazon.ion.impl.bin.IonRawBinaryWriter$ContainerType                        : loaded 10 times (x 75B)
Class com.amazon.ion.impl._Private_IonTextWriterBuilder$Mutable                       : loaded 10 times (x 98B)
Class org.jetbrains.plugins.gradle.tooling.serialization.internal.IdeaProjectSerializationService$WriteContext$8: loaded 10 times (x 79B)
Class com.amazon.ion.impl._Private_IonReaderBuilder                                   : loaded 10 times (x 91B)
Class com.amazon.ion.impl._Private_RecyclingStack                                     : loaded 10 times (x 75B)
Class com.amazon.ion.IonReader                                                        : loaded 10 times (x 66B)
Class org.jetbrains.plugins.gradle.model.AnnotationProcessingConfig                   : loaded 10 times (x 66B)
Class org.jetbrains.plugins.gradle.ExternalDependencyId                               : loaded 10 times (x 66B)
Class com.amazon.ion.system.IonReaderBuilder                                          : loaded 10 times (x 89B)
Class com.amazon.ion.system.IonWriterBuilderBase                                      : loaded 10 times (x 79B)
Class com.android.ide.gradle.model.ArtifactIdentifier                                 : loaded 10 times (x 66B)
Class org.gradle.internal.impldep.gnu.trove.Equality                                  : loaded 10 times (x 66B)
Class com.amazon.ion.impl.bin._Private_IonManagedBinaryWriterBuilder$AllocatorMode$2  : loaded 10 times (x 76B)
Class com.amazon.ion.impl._Private_IonTextWriterBuilder                               : loaded 10 times (x 98B)
Class com.amazon.ion.impl.lite.IonFloatLite                                           : loaded 10 times (x 182B)
Class org.jetbrains.kotlin.idea.gradleTooling.KotlinSourceSetContainer                : loaded 10 times (x 66B)
Class org.jetbrains.plugins.gradle.model.IntelliJSettings                             : loaded 10 times (x 66B)
Class com.amazon.ion.impl.bin.IonRawBinaryWriter$1                                    : loaded 10 times (x 73B)
Class [Lcom.amazon.ion.SymbolTable;                                                   : loaded 10 times (x 65B)
Class org.jetbrains.plugins.gradle.tooling.serialization.AnnotationProcessingModelSerializationService$ReadContext: loaded 10 times (x 68B)
Class org.jetbrains.plugins.gradle.tooling.serialization.internal.IdeaProjectSerializationService$WriteContext$3: loaded 10 times (x 79B)
Class org.jetbrains.kotlin.idea.gradleTooling.model.samWithReceiver.SamWithReceiverModel: loaded 10 times (x 66B)
Class org.jetbrains.kotlin.idea.gradleTooling.AndroidAwareGradleModelProvider         : loaded 10 times (x 79B)
Class org.jetbrains.plugins.gradle.tooling.util.ObjectCollector$Processor             : loaded 10 times (x 66B)
Class com.amazon.ion.impl.bin.AbstractIonWriter                                       : loaded 10 times (x 157B)
Class com.android.ide.gradle.model.GradlePropertiesModel                              : loaded 10 times (x 66B)
Class com.amazon.ion.impl.bin.IonBinaryWriterAdapter$Factory                          : loaded 10 times (x 66B)
Class com.amazon.ion.impl.BlockedBuffer$BufferedOutputStream                          : loaded 10 times (x 86B)
Class com.amazon.ion.impl.IonWriterSystem                                             : loaded 10 times (x 167B)
Class com.amazon.ion.impl.bin.Symbols$2                                               : loaded 10 times (x 103B)
Class com.amazon.ion.impl.bin._Private_IonManagedWriter                               : loaded 10 times (x 66B)
Class org.jetbrains.kotlin.android.synthetic.idea.AndroidExtensionsGradleModel        : loaded 10 times (x 66B)
Class com.intellij.gradle.toolingExtension.util.GradleVersionUtil                     : loaded 10 times (x 67B)
Class com.amazon.ion.impl._Private_RecyclingStack$Recycler                            : loaded 10 times (x 66B)
Class org.jetbrains.plugins.gradle.tooling.serialization.ExternalTestsSerializationService$ReadContext: loaded 10 times (x 68B)
Class com.amazon.ion.impl.bin.IonManagedBinaryWriter$LocalSymbolTableView             : loaded 10 times (x 103B)
Class org.jetbrains.plugins.gradle.tooling.serialization.ProjectDependenciesSerializationService: loaded 10 times (x 73B)
Class com.amazon.ion.UnknownSymbolException                                           : loaded 10 times (x 82B)
Class com.amazon.ion.impl.SymbolTableAsStruct                                         : loaded 10 times (x 66B)
Class com.amazon.ion.impl._Private_Utils$1                                            : loaded 10 times (x 85B)
Class com.android.ide.gradle.model.composites.BuildMap                                : loaded 10 times (x 66B)
Class com.amazon.ion.impl.lite.IonSequenceLite                                        : loaded 10 times (x 428B)
Class org.jetbrains.plugins.gradle.tooling.serialization.ProjectDependenciesSerializationService$WriteContext: loaded 10 times (x 68B)
Class org.jetbrains.plugins.gradle.tooling.serialization.internal.IdeaProjectSerializationService$WriteContext$4: loaded 10 times (x 79B)
Class com.intellij.gradle.toolingExtension.impl.model.sourceSetDependencyModel.GradleSourceSetDependencySerialisationService$Companion: loaded 10 times (x 67B)
Class org.jetbrains.plugins.gradle.model.GradleSourceSetModel                         : loaded 10 times (x 66B)
Class com.amazon.ion.impl.lite.IonContainerLite                                       : loaded 10 times (x 244B)
Class com.amazon.ion.IonBufferConfiguration$OversizedSymbolTableHandler               : loaded 10 times (x 66B)
Class com.amazon.ion.system.IonWriterBuilder                                          : loaded 10 times (x 70B)
Class org.jetbrains.plugins.gradle.tooling.serialization.ToolingStreamApiUtils        : loaded 10 times (x 67B)
Class com.amazon.ion.impl.bin._Private_IonManagedBinaryWriterBuilder$AllocatorMode$1  : loaded 10 times (x 76B)
Class com.amazon.ion.facet.Faceted                                                    : loaded 10 times (x 66B)
Class com.amazon.ion.Decimal                                                          : loaded 10 times (x 129B)
Class com.intellij.gradle.toolingExtension.impl.model.sourceSetDependencyModel.GradleSourceSetDependencySerialisationService: loaded 10 times (x 73B)
Class org.jetbrains.plugins.gradle.tooling.serialization.internal.IdeaProjectSerializationService$WriteContext: loaded 10 times (x 68B)
Class com.amazon.ion.impl.bin.BlockAllocatorProvider                                  : loaded 10 times (x 68B)
Class com.amazon.ion.impl.bin.AbstractSymbolTable                                     : loaded 10 times (x 103B)
Class com.amazon.ion.impl._Private_ReaderWriter                                       : loaded 10 times (x 66B)
Class com.amazon.ion.impl.lite.IonStructLite                                          : loaded 10 times (x 294B)
Class com.amazon.ion.BufferConfiguration$Builder                                      : loaded 10 times (x 74B)
Class com.amazon.ion.impl.bin.IonRawBinaryWriter$ThrowingRunnable                     : loaded 10 times (x 66B)
Class com.intellij.gradle.toolingExtension.impl.model.sourceSetDependencyModel.GradleSourceSetDependencySerialisationService$SourceSetDependencyModelWriteContext: loaded 10 times (x 68B)
Class com.amazon.ion.impl.bin.utf8.Poolable                                           : loaded 10 times (x 75B)
Class com.amazon.ion.IonSymbol                                                        : loaded 10 times (x 66B)
Class com.amazon.ion.impl.bin.AbstractIonWriter$WriteValueOptimization                : loaded 10 times (x 75B)
Class org.jetbrains.plugins.gradle.tooling.serialization.AnnotationProcessingModelSerializationService$WriteContext: loaded 10 times (x 68B)
Class org.gradle.internal.impldep.gnu.trove.THash                                     : loaded 10 times (x 77B)
Class org.jetbrains.plugins.gradle.tooling.serialization.internal.IdeaProjectSerializationService$WriteContext$5: loaded 10 times (x 79B)
Class com.intellij.gradle.toolingExtension.impl.util.javaPluginUtil.JavaPluginAccessor: loaded 9 times (x 66B)
Class com.intellij.gradle.toolingExtension.impl.model.dependencyModel.GradleDependencyResolver$1: loaded 9 times (x 72B)
Class org.jetbrains.kotlin.idea.gradleTooling.PrepareKotlinIdeaImportTaskModelBuilder : loaded 9 times (x 82B)
Class org.gradle.internal.impldep.com.google.common.collect.UnmodifiableListIterator  : loaded 9 times (x 91B)
Class org.jetbrains.kotlin.idea.gradleTooling.model.noarg.NoArgModelBuilderService    : loaded 9 times (x 81B)
Class org.gradle.internal.impldep.com.google.common.collect.Lists$StringAsImmutableList: loaded 9 times (x 203B)
Class com.intellij.gradle.toolingExtension.impl.util.collectionUtil.GradleCollections : loaded 9 times (x 67B)
Class com.android.ide.gradle.model.builder.AndroidStudioToolingPluginKt               : loaded 9 times (x 67B)
Class org.gradle.internal.impldep.com.google.common.base.ExtraObjectsMethodsForWeb    : loaded 9 times (x 67B)
Class org.jetbrains.plugins.gradle.model.DefaultExternalTask                          : loaded 9 times (x 79B)
Class org.jetbrains.plugins.gradle.tooling.builder.WarModelBuilderImplKt              : loaded 9 times (x 67B)
Class com.intellij.gradle.toolingExtension.impl.util.javaPluginUtil.JavaPluginUtil    : loaded 9 times (x 67B)
Class org.jetbrains.plugins.gradle.tooling.internal.ClasspathEntryModelImpl           : loaded 9 times (x 76B)
Class org.jetbrains.plugins.gradle.model.DefaultGradleProperty                        : loaded 9 times (x 74B)
Class org.jetbrains.plugins.gradle.tooling.builder.ProjectExtensionsDataBuilderImpl   : loaded 9 times (x 74B)
Class org.jetbrains.kotlin.idea.gradleTooling.model.allopen.AllOpenModelBuilderService: loaded 9 times (x 81B)
Class com.intellij.gradle.toolingExtension.impl.model.buildScriptClasspathModel.GradleBuildScriptClasspathCache: loaded 9 times (x 71B)
Class com.intellij.openapi.externalSystem.model.project.dependencies.ProjectDependenciesImpl: loaded 9 times (x 73B)
Class org.gradle.internal.impldep.com.google.common.collect.Iterators                 : loaded 9 times (x 67B)
Class org.jetbrains.kotlin.tooling.core.InternerImpl$Store$Strong                     : loaded 9 times (x 72B)
Class org.jetbrains.plugins.gradle.tooling.serialization.ExternalTestsSerializationService$1: loaded 9 times (x 72B)
Class com.android.ide.gradle.model.impl.GradlePropertiesModelImpl                     : loaded 9 times (x 73B)
Class org.gradle.internal.impldep.com.google.common.collect.AbstractIterator          : loaded 9 times (x 78B)
Class org.gradle.internal.impldep.com.google.common.collect.Multimap                  : loaded 9 times (x 66B)
Class org.jetbrains.kotlin.idea.gradleTooling.model.kapt.KaptGradleModelImpl          : loaded 9 times (x 73B)
Class org.jetbrains.kotlin.idea.gradleTooling.model.assignment.AssignmentModelImpl    : loaded 9 times (x 81B)
Class org.jetbrains.plugins.gradle.tooling.util.BiFunction                            : loaded 9 times (x 66B)
Class org.jetbrains.plugins.gradle.model.AbstractExternalDependency                   : loaded 9 times (x 102B)
Class org.jetbrains.plugins.gradle.DefaultExternalDependencyId                        : loaded 9 times (x 76B)
Class com.intellij.gradle.toolingExtension.impl.model.dependencyDownloadPolicyModel.GradleDependencyDownloadPolicyCache: loaded 9 times (x 71B)
Class com.intellij.gradle.toolingExtension.impl.modelBuilder.DefaultModelBuilderContext: loaded 9 times (x 73B)
Class com.intellij.gradle.toolingExtension.impl.model.warmUp.GradleTaskWarmUpService  : loaded 9 times (x 82B)
Class com.android.ide.gradle.model.composites.BuildMapModelBuilder                    : loaded 9 times (x 71B)
Class org.jetbrains.plugins.gradle.tooling.builder.ProjectExtensionsDataBuilderImpl$Companion: loaded 9 times (x 67B)
Class com.android.ide.gradle.model.builder.LegacyAndroidGradlePluginPropertiesModelBuilder$PluginType: loaded 9 times (x 75B)
Class org.jetbrains.kotlin.idea.gradleTooling.KotlinGradleModelBuilder                : loaded 9 times (x 82B)
Class org.jetbrains.plugins.gradle.tooling.MessageReporter                            : loaded 9 times (x 66B)
Class com.intellij.gradle.toolingExtension.impl.model.resourceFilterModel.GradleResourceFilterModelBuilder: loaded 9 times (x 67B)
Class org.jetbrains.kotlin.idea.gradleTooling.PrepareKotlinIdeaImportTaskModelBuilder$Messages: loaded 9 times (x 67B)
Class com.intellij.gradle.toolingExtension.impl.model.sourceSetModel.GradleSourceSetModelBuilder: loaded 9 times (x 82B)
Class org.jetbrains.kotlin.idea.gradleTooling.model.samWithReceiver.SamWithReceiverModelBuilderService: loaded 9 times (x 81B)
Class org.jetbrains.kotlin.idea.gradleTooling.ModelBuilderUtilsKt                     : loaded 9 times (x 67B)
Class com.intellij.gradle.toolingExtension.impl.model.dependencyGraphModel.GradleDependencyReportGenerator: loaded 9 times (x 69B)
Class org.jetbrains.plugins.gradle.model.ModelFactory                                 : loaded 9 times (x 67B)
Class org.jetbrains.plugins.gradle.tooling.builder.IntelliJProjectSettingsBuilder     : loaded 9 times (x 74B)
Class com.android.ide.gradle.model.artifacts.impl.AdditionalClassifierArtifactsModelImpl: loaded 9 times (x 72B)
Class org.jetbrains.plugins.gradle.model.DefaultDependencyAccessorsModel              : loaded 9 times (x 72B)
Class org.jetbrains.plugins.gradle.tooling.serialization.ToolingStreamApiUtilsKt      : loaded 9 times (x 67B)
Class org.jetbrains.plugins.gradle.tooling.ModelBuilderContext$DataProvider           : loaded 9 times (x 66B)
Class org.gradle.internal.impldep.com.google.common.collect.AbstractIndexedListIterator: loaded 9 times (x 92B)
Class org.jetbrains.kotlin.tooling.core.InternerKt                                    : loaded 9 times (x 67B)
Class org.jetbrains.plugins.gradle.model.DefaultExternalProjectDependency             : loaded 9 times (x 116B)
Class org.jetbrains.kotlin.idea.gradleTooling.model.assignment.AssignmentModelBuilderService: loaded 9 times (x 81B)
Class org.gradle.internal.impldep.com.google.common.collect.Iterators$9               : loaded 9 times (x 77B)
Class org.jetbrains.plugins.gradle.tooling.serialization.GradleExtensionsSerializationService$3: loaded 9 times (x 72B)
Class com.android.ide.gradle.model.composites.BuildMapImpl                            : loaded 9 times (x 71B)
Class org.gradle.internal.impldep.com.google.common.collect.Lists                     : loaded 9 times (x 67B)
Class org.jetbrains.kotlin.idea.gradleTooling.KotlinDslScriptTaskModelBuilder         : loaded 9 times (x 82B)
Class org.gradle.internal.impldep.com.google.common.collect.Iterators$MergingIterator : loaded 9 times (x 77B)
Class com.intellij.openapi.externalSystem.model.project.dependencies.ArtifactDependencyNode: loaded 9 times (x 66B)
Class [Lcom.intellij.openapi.externalSystem.model.project.IExternalSystemSourceType;  : loaded 9 times (x 65B)
Class com.intellij.openapi.externalSystem.model.project.dependencies.ComponentDependencies: loaded 9 times (x 66B)
Class org.jetbrains.kotlin.idea.gradleTooling.KotlinMPPGradleModelBuilder$Companion   : loaded 9 times (x 67B)
Class com.intellij.gradle.toolingExtension.impl.model.projectModel.GradleExternalProjectModelBuilder: loaded 9 times (x 82B)
Class org.jetbrains.plugins.gradle.tooling.serialization.GradleExtensionsSerializationService$2: loaded 9 times (x 72B)
Class org.jetbrains.kotlin.idea.gradleTooling.KotlinMPPGradleModelBinary              : loaded 9 times (x 66B)
Class com.intellij.gradle.toolingExtension.impl.model.sourceSetArtifactIndex.GradleSourceSetArtifactIndex: loaded 9 times (x 74B)
Class com.android.ide.gradle.model.artifacts.builder.AdditionalClassifierArtifactsModelBuilder: loaded 9 times (x 75B)
Class org.jetbrains.plugins.gradle.tooling.ModelBuilderService$Ex                     : loaded 9 times (x 66B)
Class org.jetbrains.plugins.gradle.model.web.WebConfiguration                         : loaded 9 times (x 66B)
Class org.jetbrains.plugins.gradle.tooling.internal.VersionCatalogsModelImpl          : loaded 9 times (x 72B)
Class com.intellij.gradle.toolingExtension.impl.model.taskModel.DefaultGradleTaskModel: loaded 9 times (x 71B)
Class org.jetbrains.plugins.gradle.tooling.util.BooleanBiFunction                     : loaded 9 times (x 66B)
Class JetGradlePlugin$findJetModelBuilder$0                                           : loaded 9 times (x 142B)
Class org.jetbrains.plugins.gradle.tooling.internal.DefaultRepositoryModels           : loaded 9 times (x 72B)
Class com.intellij.gradle.toolingExtension.impl.model.sourceSetModel.GradleSourceSetModelBuilder$1: loaded 9 times (x 79B)
Class org.gradle.internal.impldep.com.google.common.collect.Iterators$ArrayItr        : loaded 9 times (x 93B)
Class JetGradlePlugin$getJetModelBuilderOrRegisterIfAbsent                            : loaded 9 times (x 142B)
Class com.intellij.gradle.toolingExtension.impl.util.GradleProjectUtil                : loaded 9 times (x 67B)
Class org.jetbrains.plugins.gradle.tooling.serialization.GradleExtensionsSerializationService$1: loaded 9 times (x 72B)
Class org.jetbrains.plugins.gradle.tooling.builder.AnnotationProcessingModelBuilder   : loaded 9 times (x 82B)
Class org.jetbrains.plugins.gradle.model.DefaultUnresolvedExternalDependency          : loaded 9 times (x 107B)
Class com.intellij.gradle.toolingExtension.impl.model.sourceSetModel.GradleSourceSetModelBuilder$2: loaded 9 times (x 79B)
Class org.jetbrains.plugins.gradle.tooling.builder.DependencyAccessorsModelBuilder    : loaded 9 times (x 77B)
Class com.intellij.gradle.toolingExtension.impl.util.GradleIdeaPluginUtil             : loaded 9 times (x 67B)
Class com.android.ide.gradle.model.impl.GradlePluginModelImpl$Companion               : loaded 9 times (x 67B)
Class org.jetbrains.kotlin.idea.gradleTooling.model.samWithReceiver.SamWithReceiverModelImpl: loaded 9 times (x 81B)
Class org.jetbrains.plugins.gradle.tooling.MessageReportBuilder                       : loaded 9 times (x 66B)
Class com.intellij.gradle.toolingExtension.impl.model.sourceSetModel.GradleSourceSetModelBuilder$3: loaded 9 times (x 79B)
Class com.intellij.gradle.toolingExtension.impl.model.taskModel.GradleTaskModelBuilder: loaded 9 times (x 82B)
Class org.jetbrains.kotlin.idea.gradleTooling.model.annotation.AnnotationBasedPluginModelBuilderService: loaded 9 times (x 81B)
Class org.gradle.internal.impldep.com.google.common.collect.Iterators$5               : loaded 9 times (x 78B)
Class com.intellij.openapi.externalSystem.model.project.dependencies.UnknownDependencyNode: loaded 9 times (x 83B)
Class com.intellij.gradle.toolingExtension.impl.model.sourceSetModel.GradleSourceSetResolutionContext: loaded 9 times (x 69B)
Class org.jetbrains.kotlin.idea.gradleTooling.MultiplatformModelImportingChecker      : loaded 9 times (x 66B)
Class com.android.ide.gradle.model.builder.LegacyAndroidGradlePluginPropertiesModelBuilder$Companion: loaded 9 times (x 67B)
Class com.intellij.gradle.toolingExtension.impl.model.dependencyModel.auxiliary.AuxiliaryConfigurationArtifacts: loaded 9 times (x 70B)
Class com.android.ide.gradle.model.builder.GradlePropertiesModelBuilder               : loaded 9 times (x 71B)
Class org.jetbrains.plugins.gradle.model.DefaultGradleConfiguration                   : loaded 9 times (x 75B)
Class org.gradle.internal.impldep.com.google.common.collect.ImmutableCollection       : loaded 9 times (x 121B)
Class org.jetbrains.kotlin.tooling.core.InternerImpl$Store                            : loaded 9 times (x 66B)
Class org.gradle.internal.impldep.com.google.common.collect.Iterators$4               : loaded 9 times (x 78B)
Class com.android.ide.gradle.model.builder.LegacyV1AgpVersionModelBuilder             : loaded 9 times (x 71B)
Class com.android.ide.gradle.model.builder.LegacyAndroidGradlePluginPropertiesModelBuilder: loaded 9 times (x 76B)
Class org.jetbrains.plugins.gradle.tooling.serialization.RepositoriesModelSerializationService$1: loaded 9 times (x 72B)
Class org.jetbrains.plugins.gradle.tooling.builder.VersionCatalogsModelBuilder        : loaded 9 times (x 82B)
Class org.jetbrains.plugins.gradle.model.tests.DefaultExternalTestsModel              : loaded 9 times (x 73B)
Class org.jetbrains.kotlin.idea.gradleTooling.model.parcelize.ParcelizeModelBuilderService: loaded 9 times (x 77B)
Class com.intellij.gradle.toolingExtension.impl.model.sourceSetArtifactIndex.GradleSourceSetArtifactModel: loaded 9 times (x 72B)
Class JetGradlePlugin                                                                 : loaded 9 times (x 92B)
Class com.intellij.openapi.externalSystem.model.project.dependencies.AbstractDependencyNode: loaded 9 times (x 83B)
Class com.intellij.gradle.toolingExtension.impl.model.utilDummyModel.DummyModelBuilder: loaded 9 times (x 82B)
Class com.intellij.gradle.toolingExtension.impl.model.sourceSetArtifactIndex.GradleSourceSetArtifactIndexBuilder: loaded 9 times (x 82B)
Class com.intellij.gradle.toolingExtension.impl.model.utilTurnOffDefaultTasksModel.TurnOffDefaultTasksModelBuilder: loaded 9 times (x 82B)
Class org.jetbrains.kotlin.idea.gradleTooling.model.kapt.KaptModelBuilderService      : loaded 9 times (x 82B)
Class com.intellij.gradle.toolingExtension.impl.model.buildScriptClasspathModel.GradleBuildScriptClasspathModelBuilder: loaded 9 times (x 82B)
Class org.jetbrains.kotlin.idea.gradleTooling.KotlinMPPGradleModelBuilder             : loaded 9 times (x 82B)
Class org.jetbrains.plugins.gradle.tooling.serialization.internal.adapter.InternalProjectIdentifier: loaded 9 times (x 72B)
Class com.intellij.gradle.toolingExtension.impl.model.dependencyModel.GradleDependencyTraverser$Itr: loaded 9 times (x 79B)
Class org.jetbrains.kotlin.idea.gradleTooling.OrphanSourceSetImportingChecker         : loaded 9 times (x 70B)
Class com.android.ide.gradle.model.builder.AndroidStudioToolingPlugin                 : loaded 9 times (x 71B)
Class org.gradle.internal.impldep.com.google.common.base.Objects                      : loaded 9 times (x 67B)
Class com.intellij.gradle.toolingExtension.impl.util.GradleObjectUtil                 : loaded 9 times (x 67B)
Class com.intellij.openapi.externalSystem.model.project.dependencies.ArtifactDependencyNodeImpl: loaded 9 times (x 91B)
Class com.intellij.gradle.toolingExtension.impl.modelBuilder.ExtraModelBuilder        : loaded 9 times (x 81B)
Class org.jetbrains.plugins.gradle.tooling.builder.WarModelBuilderImpl                : loaded 9 times (x 82B)
Class org.jetbrains.kotlin.idea.gradleTooling.model.allopen.AllOpenModelImpl          : loaded 9 times (x 81B)
Class org.jetbrains.kotlin.idea.gradleTooling.model.lombok.LombokModelBuilderService  : loaded 9 times (x 83B)
Class org.gradle.internal.impldep.com.google.common.collect.Iterators$1               : loaded 9 times (x 77B)
Class com.intellij.openapi.externalSystem.model.project.dependencies.DependencyNode   : loaded 9 times (x 66B)
Class org.jetbrains.kotlin.idea.gradleTooling.model.parcelize.ParcelizeGradleModelImpl: loaded 9 times (x 70B)
Class org.jetbrains.plugins.gradle.tooling.builder.IntelliJSettingsBuilder            : loaded 9 times (x 74B)
Class org.gradle.internal.impldep.com.google.common.collect.PeekingIterator           : loaded 9 times (x 66B)
Class org.jetbrains.kotlin.tooling.core.Interner                                      : loaded 9 times (x 66B)
Class com.intellij.gradle.toolingExtension.impl.model.dependencyModel.DefaultModuleIdentifier: loaded 9 times (x 74B)
Class com.android.ide.gradle.model.builder.GradlePluginModelBuilder                   : loaded 9 times (x 71B)
Class com.intellij.gradle.toolingExtension.impl.model.dependencyModel.GradleDependencyTraverser: loaded 9 times (x 76B)
Class com.intellij.gradle.toolingExtension.impl.model.sourceSetDependencyModel.DefaultGradleSourceSetDependencyModel: loaded 9 times (x 73B)
Class org.jetbrains.kotlin.tooling.core.InternerImpl                                  : loaded 9 times (x 72B)
Class org.gradle.internal.impldep.com.google.common.collect.ImmutableList             : loaded 9 times (x 202B)
Class org.jetbrains.plugins.gradle.tooling.AbstractModelBuilderService                : loaded 9 times (x 82B)
Class org.jetbrains.kotlin.idea.gradleTooling.AbstractKotlinGradleModelBuilder$Companion: loaded 9 times (x 67B)
Class org.jetbrains.plugins.gradle.tooling.builder.ExternalTestsModelBuilderImpl      : loaded 9 times (x 74B)
Class com.android.ide.gradle.model.impl.GradlePluginModelImpl                         : loaded 9 times (x 71B)
Class com.intellij.openapi.externalSystem.model.project.ExternalSystemSourceType      : loaded 9 times (x 81B)
Class com.intellij.gradle.toolingExtension.impl.model.dependencyModel.auxiliary.LegacyAuxiliaryArtifactResolver: loaded 9 times (x 72B)
Class org.jetbrains.kotlin.idea.gradleTooling.KotlinMPPGradleModelBinaryBuilder       : loaded 9 times (x 82B)
Class [Lcom.intellij.openapi.externalSystem.model.project.ExternalSystemSourceType;   : loaded 9 times (x 65B)
Class org.jetbrains.plugins.gradle.tooling.builder.ScalaModelBuilderImpl              : loaded 9 times (x 77B)
Class org.jetbrains.plugins.gradle.tooling.ModelBuilderContext                        : loaded 9 times (x 66B)
Class com.intellij.gradle.toolingExtension.impl.model.sourceSetDependencyModel.GradleSourceSetDependencyModelBuilder: loaded 9 times (x 82B)
Class org.jetbrains.plugins.gradle.model.ear.EarConfiguration                         : loaded 9 times (x 66B)
Class org.jetbrains.plugins.gradle.model.DefaultExternalProject                       : loaded 9 times (x 91B)
Class com.intellij.gradle.toolingExtension.impl.model.sourceSetDependencyModel.GradleSourceSetDependencyResolver: loaded 9 times (x 68B)
Class com.intellij.gradle.toolingExtension.impl.model.buildScriptClasspathModel.DefaultGradleBuildScriptClasspathModel: loaded 9 times (x 79B)
Class [Lcom.android.ide.gradle.model.builder.LegacyAndroidGradlePluginPropertiesModelBuilder$PluginType;: loaded 9 times (x 65B)
Class org.jetbrains.plugins.gradle.model.scala.ScalaModel                             : loaded 9 times (x 66B)
Class com.intellij.openapi.externalSystem.model.project.dependencies.ProjectDependencyNodeImpl: loaded 9 times (x 89B)
Class com.intellij.gradle.toolingExtension.impl.model.dependencyDownloadPolicyModel.GradleDependencyDownloadPolicyBuilder: loaded 9 times (x 82B)
Class org.jetbrains.plugins.gradle.model.DefaultExternalLibraryDependency             : loaded 9 times (x 107B)
Class com.intellij.openapi.externalSystem.model.project.dependencies.ProjectDependencyNode: loaded 9 times (x 66B)
Class org.jetbrains.kotlin.idea.gradleTooling.AndroidAwareGradleModelProvider$Result  : loaded 9 times (x 68B)
Class com.intellij.gradle.toolingExtension.impl.javaModel.manifestModel.DefaultJavaGradleManifestModel: loaded 9 times (x 72B)
Class com.intellij.gradle.toolingExtension.impl.javaModel.manifestModel.JavaGradleManifestModelBuilder: loaded 9 times (x 82B)
Class org.jetbrains.kotlin.idea.gradleTooling.KotlinDslScriptTaskModelBuilder$Companion: loaded 9 times (x 67B)
Class org.jetbrains.kotlin.android.synthetic.idea.AndroidExtensionsGradleModelImpl    : loaded 9 times (x 73B)
Class com.intellij.gradle.toolingExtension.impl.model.dependencyModel.GradleDependencyResolver: loaded 9 times (x 68B)
Class org.jetbrains.plugins.gradle.model.DefaultGradleExtensions                      : loaded 9 times (x 84B)
Class com.intellij.gradle.toolingExtension.impl.model.dependencyDownloadPolicyModel.DefaultGradleDependencyDownloadPolicy: loaded 9 times (x 73B)
Class com.intellij.gradle.toolingExtension.impl.model.dependencyModel.auxiliary.AuxiliaryArtifactResolver: loaded 9 times (x 66B)
Class org.gradle.internal.impldep.com.google.common.collect.Iterators$10              : loaded 9 times (x 77B)
Class com.intellij.gradle.toolingExtension.impl.model.utilDummyModel.DefaultDummyModel: loaded 9 times (x 69B)
Class com.intellij.gradle.toolingExtension.impl.model.sourceSetModel.DefaultGradleSourceSetModel: loaded 9 times (x 76B)
Class org.jetbrains.plugins.gradle.model.DefaultFileCollectionDependency              : loaded 9 times (x 106B)
Class com.intellij.gradle.toolingExtension.impl.util.javaPluginUtil.ExtensionJavaPluginAccessor: loaded 9 times (x 78B)
Class org.jetbrains.plugins.gradle.tooling.builder.EarModelBuilderImplKt              : loaded 9 times (x 67B)
Class org.jetbrains.plugins.gradle.tooling.builder.MavenRepositoriesModelBuilder      : loaded 9 times (x 77B)
Class com.intellij.gradle.toolingExtension.impl.util.collectionUtil.GradleCollectionVisitor: loaded 9 times (x 66B)
Class org.jetbrains.kotlin.android.synthetic.idea.AndroidExtensionsModelBuilderService: loaded 9 times (x 74B)
Class com.intellij.gradle.toolingExtension.impl.model.buildScriptClasspathModel.GradleBuildScriptClasspathSerializationService$1: loaded 9 times (x 72B)
Class org.jetbrains.plugins.gradle.tooling.builder.EarModelBuilderImpl                : loaded 9 times (x 82B)
Class org.jetbrains.plugins.gradle.tooling.ModelBuilderService$ParameterizedModelBuilderService: loaded 9 times (x 66B)
Class com.intellij.gradle.toolingExtension.impl.model.dependencyGraphModel.GradleDependencyGraphModelBuilder: loaded 9 times (x 78B)
Class com.intellij.gradle.toolingExtension.impl.model.utilTurnOffDefaultTasksModel.DefaultTurnOffDefaultTasks: loaded 9 times (x 67B)
Class org.jetbrains.plugins.gradle.tooling.util.GradleContainerUtil                   : loaded 9 times (x 67B)
Class org.jetbrains.plugins.gradle.model.DefaultGradleExtension                       : loaded 9 times (x 76B)
Class org.jetbrains.kotlin.idea.gradleTooling.AbstractKotlinGradleModelBuilder        : loaded 9 times (x 77B)
Class org.jetbrains.kotlin.idea.gradleTooling.PrepareKotlinIdeaImportTaskModelBuilder$Companion: loaded 9 times (x 67B)
Class org.jetbrains.plugins.gradle.tooling.ModelBuilderService                        : loaded 9 times (x 66B)
Class com.intellij.gradle.toolingExtension.impl.model.dependencyModel.DefaultModuleComponentIdentifier: loaded 9 times (x 82B)
Class org.gradle.internal.impldep.com.google.common.collect.UnmodifiableIterator      : loaded 9 times (x 76B)
Class com.intellij.gradle.toolingExtension.impl.modelBuilder.DefaultMessageReporter   : loaded 9 times (x 71B)
Class org.jetbrains.kotlin.idea.gradleTooling.model.noarg.NoArgModelImpl              : loaded 9 times (x 82B)
Class Program                                                                         : loaded 7 times (x 68B)
Class Build_gradle                                                                    : loaded 5 times (x 126B)
Class Build_gradle$1                                                                  : loaded 5 times (x 70B)
Class com.google.common.collect.SingletonImmutableList                                : loaded 3 times (x 203B)
Class com.google.common.collect.RegularImmutableSortedSet                             : loaded 3 times (x 296B)
Class com.google.common.collect.NullnessCasts                                         : loaded 3 times (x 67B)
Class com.google.common.base.Function                                                 : loaded 3 times (x 66B)
Class org.gradle.api.UncheckedIOException                                             : loaded 3 times (x 78B)
Class com.google.common.collect.ImmutableMapEntry$NonTerminalImmutableMapEntry        : loaded 3 times (x 81B)
Class com.google.common.collect.Multimap                                              : loaded 3 times (x 66B)
Class com.google.common.collect.RegularImmutableList                                  : loaded 3 times (x 209B)
Class com.google.common.collect.ImmutableMap$Builder                                  : loaded 3 times (x 78B)
Class [Lcom.google.common.collect.ImmutableEntry;                                     : loaded 3 times (x 65B)
Class com.google.common.collect.ImmutableMapEntrySet                                  : loaded 3 times (x 148B)
Class com.google.common.collect.ImmutableMultimap                                     : loaded 3 times (x 143B)
Class com.google.common.collect.AbstractIndexedListIterator                           : loaded 3 times (x 92B)
Class com.google.common.collect.ObjectArrays                                          : loaded 3 times (x 67B)
Class com.google.common.base.CharMatcher$IsNot                                        : loaded 3 times (x 107B)
Class com.google.common.collect.ImmutableList$ReverseImmutableList                    : loaded 3 times (x 205B)
Class com.google.common.collect.ImmutableMap$SerializedForm                           : loaded 3 times (x 69B)
Class com.google.common.collect.Lists$RandomAccessReverseList                         : loaded 3 times (x 196B)
Class com.google.common.collect.ImmutableRangeSet$Builder                             : loaded 3 times (x 73B)
Class com.google.common.collect.AbstractIterator                                      : loaded 3 times (x 78B)
Class com.google.common.collect.Lists$ReverseList$1                                   : loaded 3 times (x 95B)
Class com.google.common.collect.BiMap                                                 : loaded 3 times (x 66B)
Class com.google.common.collect.ImmutableMap$1                                        : loaded 3 times (x 77B)
Class com.google.common.collect.IndexedImmutableSet                                   : loaded 3 times (x 148B)
Class com.google.common.collect.RegularImmutableMap$Values                            : loaded 3 times (x 203B)
Class com.google.common.collect.ImmutableSet                                          : loaded 3 times (x 141B)
Class com.google.common.base.CharMatcher$And                                          : loaded 3 times (x 108B)
Class com.google.common.base.CharMatcher$BitSetMatcher                                : loaded 3 times (x 108B)
Class com.google.common.collect.Lists$StringAsImmutableList                           : loaded 3 times (x 203B)
Class com.google.common.collect.Lists$ReverseList                                     : loaded 3 times (x 196B)
Class com.google.common.collect.ImmutableSortedSet                                    : loaded 3 times (x 296B)
Class com.google.common.base.CharMatcher$Or                                           : loaded 3 times (x 108B)
Class com.android.ide.gradle.model.ArtifactIdentifierImpl                             : loaded 3 times (x 73B)
Class org.gradle.kotlin.dsl.VersionCatalogAccessorsKt                                 : loaded 3 times (x 67B)
Class com.google.common.collect.Iterators                                             : loaded 3 times (x 67B)
Class com.google.common.collect.Range                                                 : loaded 3 times (x 83B)
Class com.google.common.collect.ImmutableList$SerializedForm                          : loaded 3 times (x 69B)
Class org.gradle.api.Action                                                           : loaded 3 times (x 66B)
Class org.gradle.internal.Cast                                                        : loaded 3 times (x 67B)
Class com.google.common.collect.RegularImmutableAsList                                : loaded 3 times (x 213B)
Class com.google.common.collect.ImmutableRangeSet$1                                   : loaded 3 times (x 206B)
Class com.google.common.collect.AbstractMultimap                                      : loaded 3 times (x 119B)
Class com.google.common.base.CharMatcher$FastMatcher                                  : loaded 3 times (x 107B)
Class com.google.common.collect.Iterators$1                                           : loaded 3 times (x 77B)
Class com.google.common.collect.ImmutableMapEntry                                     : loaded 3 times (x 81B)
Class com.google.common.base.Predicate                                                : loaded 3 times (x 66B)
Class com.google.common.collect.AbstractMapEntry                                      : loaded 3 times (x 77B)
Class com.google.common.collect.AbstractRangeSet                                      : loaded 3 times (x 110B)
Class com.google.common.base.CharMatcher$NegatedFastMatcher                           : loaded 3 times (x 109B)
Class com.google.common.collect.UnmodifiableIterator                                  : loaded 3 times (x 76B)
Class com.google.common.collect.SingletonImmutableSet                                 : loaded 3 times (x 142B)
Class com.google.common.collect.ImmutableMap$IteratorBasedImmutableMap                : loaded 3 times (x 122B)
Class com.android.ide.gradle.model.artifacts.AdditionalClassifierArtifacts            : loaded 3 times (x 66B)
Class com.google.common.collect.Platform                                              : loaded 3 times (x 67B)
Class [Lcom.google.common.collect.AbstractMapEntry;                                   : loaded 3 times (x 65B)
Class com.google.common.collect.ImmutableEntry                                        : loaded 3 times (x 78B)
Class org.gradle.api.GradleException                                                  : loaded 3 times (x 78B)
Class com.google.common.base.Joiner                                                   : loaded 3 times (x 75B)
Class com.google.common.collect.BaseImmutableMultimap                                 : loaded 3 times (x 119B)
Class com.google.common.collect.ImmutableCollection$Builder                           : loaded 3 times (x 72B)
Class com.google.common.collect.Iterators$ArrayItr                                    : loaded 3 times (x 93B)
Class com.google.common.collect.ImmutableRangeSet$AsSet                               : loaded 3 times (x 296B)
Class org.gradle.internal.IoActions                                                   : loaded 3 times (x 67B)
Class com.google.common.collect.ImmutableRangeSet$ComplementRanges                    : loaded 3 times (x 203B)
Class com.google.common.collect.ImmutableSet$RegularSetBuilderImpl                    : loaded 3 times (x 73B)
Class com.google.common.collect.RegularImmutableMap$BucketOverflowException           : loaded 3 times (x 78B)
Class com.google.common.collect.ImmutableAsList                                       : loaded 3 times (x 205B)
Class com.google.common.collect.Iterators$9                                           : loaded 3 times (x 77B)
Class com.google.common.base.CharMatcher$Is                                           : loaded 3 times (x 107B)
Class com.google.common.base.CharMatcher$Negated                                      : loaded 3 times (x 109B)
Class com.google.common.base.Preconditions                                            : loaded 3 times (x 67B)
Class com.google.common.collect.ImmutableSetMultimap                                  : loaded 3 times (x 176B)
Class com.google.common.base.Joiner$1                                                 : loaded 3 times (x 76B)
Class com.google.common.collect.PeekingIterator                                       : loaded 3 times (x 66B)
Class com.google.common.base.CharMatcher                                              : loaded 3 times (x 107B)
Class com.google.common.collect.RangeGwtSerializationDependencies                     : loaded 3 times (x 67B)
Class com.google.common.base.Joiner$2                                                 : loaded 3 times (x 75B)
Class com.google.common.base.CharMatcher$NamedFastMatcher                             : loaded 3 times (x 108B)
Class com.google.common.collect.SortedIterable                                        : loaded 3 times (x 66B)
Class com.google.common.base.CharMatcher$1                                            : loaded 3 times (x 109B)
Class com.google.common.collect.RangeSet                                              : loaded 3 times (x 66B)
Class com.google.common.collect.Lists                                                 : loaded 3 times (x 67B)
Class com.google.common.collect.ImmutableSet$CachingAsList                            : loaded 3 times (x 144B)
Class com.google.common.collect.Iterators$4                                           : loaded 3 times (x 78B)
Class com.google.common.collect.ImmutableBiMap                                        : loaded 3 times (x 139B)
Class com.google.common.collect.ImmutableRangeSet                                     : loaded 3 times (x 111B)
Class com.google.common.collect.ImmutableMapEntrySet$RegularEntrySet                  : loaded 3 times (x 148B)
Class [Lcom.google.common.collect.ImmutableMapEntry;                                  : loaded 3 times (x 65B)
Class com.google.common.collect.SetMultimap                                           : loaded 3 times (x 66B)
Class com.google.common.collect.ImmutableSet$Builder                                  : loaded 3 times (x 81B)
Class com.google.common.base.CharMatcher$InRange                                      : loaded 3 times (x 107B)
Class com.google.common.collect.ImmutableMap                                          : loaded 3 times (x 116B)
Class com.google.common.collect.ImmutableList                                         : loaded 3 times (x 202B)
Class com.google.common.collect.UnmodifiableListIterator                              : loaded 3 times (x 91B)
Class com.google.common.collect.ImmutableSet$SetBuilderImpl                           : loaded 3 times (x 72B)
Class com.google.common.collect.ImmutableMap$MapViewOfValuesAsSingletonSets           : loaded 3 times (x 122B)
Class com.google.common.base.CharMatcher$AnyOf                                        : loaded 3 times (x 108B)
Class com.google.common.collect.ImmutableCollection                                   : loaded 3 times (x 121B)
Class com.google.common.collect.Iterators$5                                           : loaded 3 times (x 78B)
Class com.google.common.collect.RegularImmutableMap                                   : loaded 3 times (x 117B)
Class com.google.common.collect.ForwardingObject                                      : loaded 3 times (x 68B)
Class com.google.common.collect.ImmutableList$SubList                                 : loaded 3 times (x 205B)
Class com.google.common.collect.ImmutableList$1                                       : loaded 3 times (x 93B)
Class com.google.common.collect.Iterators$MergingIterator                             : loaded 3 times (x 77B)
Class com.google.common.collect.RegularImmutableSet                                   : loaded 3 times (x 145B)
Class com.google.common.base.CharMatcher$IsEither                                     : loaded 3 times (x 107B)
Class com.google.common.collect.Iterables                                             : loaded 3 times (x 67B)
Class com.google.common.collect.RegularImmutableMap$KeySet                            : loaded 3 times (x 148B)
Class com.google.common.collect.ImmutableList$Builder                                 : loaded 3 times (x 73B)
Class com.google.common.base.CharMatcher$ForPredicate                                 : loaded 3 times (x 108B)
Class com.google.common.collect.Iterators$6                                           : loaded 2 times (x 77B)
Class com.google.common.collect.ImmutableMultimap$Values                              : loaded 2 times (x 122B)
Class com.android.builder.model.v2.ide.Installation                                   : loaded 2 times (x 66B)
Class com.google.common.util.concurrent.AbstractFuture$UnsafeAtomicHelper             : loaded 2 times (x 74B)
Class com.google.common.cache.LocalCache$LocalManualCache$1                           : loaded 2 times (x 71B)
Class com.google.common.collect.HashBiMap$Inverse                                     : loaded 2 times (x 138B)
Class com.google.common.collect.ImmutableSortedAsList                                 : loaded 2 times (x 217B)
Class kotlin.text.RegexKt                                                             : loaded 2 times (x 67B)
Class kotlin.coroutines.intrinsics.IntrinsicsKt__IntrinsicsKt                         : loaded 2 times (x 67B)
Class Build_gradle$1$2$1                                                              : loaded 2 times (x 75B)
Class org.gradle.tooling.internal.adapter.ObjectGraphAdapter                          : loaded 2 times (x 66B)
Class jdk.internal.jimage.decompressor.ResourceDecompressorFactory                    : loaded 2 times (x 70B)
Class com.google.common.base.Splitter$SplittingIterator                               : loaded 2 times (x 80B)
Class com.google.common.collect.ImmutableSet$JdkBackedSetBuilderImpl                  : loaded 2 times (x 72B)
Class com.android.builder.model.v2.models.ModelBuilderParameter                       : loaded 2 times (x 66B)
Class com.google.common.util.concurrent.internal.InternalFutureFailureAccess          : loaded 2 times (x 68B)
Class com.android.ide.common.repository.AgpVersion$PreviewKind$Companion              : loaded 2 times (x 67B)
Class jdk.internal.jimage.ImageReader$Node                                            : loaded 2 times (x 80B)
Class kotlin.io.FilesKt__UtilsKt                                                      : loaded 2 times (x 67B)
Class com.google.common.collect.Lists$TransformingRandomAccessList                    : loaded 2 times (x 195B)
Class kotlin.collections.CollectionsKt__CollectionsJVMKt                              : loaded 2 times (x 67B)
Class org.gradle.api.internal.classpath.DefaultModuleRegistry                         : loaded 2 times (x 82B)
Class com.android.builder.model.v2.ide.PrivacySandboxSdkInfo                          : loaded 2 times (x 66B)
Class org.apache.commons.io.output.NullWriter                                         : loaded 2 times (x 95B)
Class org.gradle.api.internal.classpath.ModuleRegistry                                : loaded 2 times (x 66B)
Class org.gradle.internal.installation.GradleInstallation$1                           : loaded 2 times (x 71B)
Class jdk.internal.jimage.ImageReader$SharedImageReader                               : loaded 2 times (x 91B)
Class com.google.common.util.concurrent.ListenableFuture                              : loaded 2 times (x 66B)
Class com.google.common.cache.ReferenceEntry                                          : loaded 2 times (x 66B)
Class com.google.common.base.Converter                                                : loaded 2 times (x 86B)
Class com.google.common.cache.CacheLoader                                             : loaded 2 times (x 70B)
Class [Lorg.objectweb.asm.SymbolTable$Entry;                                          : loaded 2 times (x 65B)
Class jdk.internal.jimage.BasicImageReader$1                                          : loaded 2 times (x 73B)
Class kotlin.collections.CollectionsKt__IteratorsKt                                   : loaded 2 times (x 67B)
Class kotlin.sequences.SequencesKt                                                    : loaded 2 times (x 67B)
Class com.google.common.collect.AbstractListMultimap                                  : loaded 2 times (x 168B)
Class com.android.builder.model.v2.models.ndk.NativeModule                            : loaded 2 times (x 66B)
Class [Lcom.google.common.base.Supplier;                                              : loaded 2 times (x 65B)
Class org.gradle.tooling.internal.adapter.ProtocolToModelAdapter$MethodInvocationCache: loaded 2 times (x 69B)
Class kotlin.sequences.SequencesKt___SequencesKt$filterNotNull$1                      : loaded 2 times (x 74B)
Class jdk.internal.jimage.ImageReader                                                 : loaded 2 times (x 71B)
Class [Lcom.android.builder.model.v2.ide.CodeShrinker;                                : loaded 2 times (x 65B)
Class com.google.common.collect.AbstractMapBasedMultimap                              : loaded 2 times (x 135B)
Class com.google.common.util.concurrent.AbstractFuture                                : loaded 2 times (x 102B)
Class com.google.common.base.FunctionalEquivalence                                    : loaded 2 times (x 79B)
Class com.google.common.cache.LocalCache$Segment                                      : loaded 2 times (x 150B)
Class com.android.builder.model.v2.models.Versions                                    : loaded 2 times (x 66B)
Class kotlin.text.StringsKt                                                           : loaded 2 times (x 67B)
Class com.android.builder.model.v2.ide.ArtifactDependenciesAdjacencyList              : loaded 2 times (x 66B)
Class com.android.builder.model.v2.ide.Library                                        : loaded 2 times (x 66B)
Class com.google.common.collect.AbstractMapBasedMultimap$AsMap$AsMapEntries           : loaded 2 times (x 134B)
Class com.google.common.reflect.TypeToken$2                                           : loaded 2 times (x 106B)
Class kotlin.UninitializedPropertyAccessException                                     : loaded 2 times (x 78B)
Class kotlin.Metadata                                                                 : loaded 2 times (x 66B)
Class kotlin.text.MatchResult$Destructured                                            : loaded 2 times (x 68B)
Class com.google.common.reflect.TypeResolver$TypeTable                                : loaded 2 times (x 69B)
Class com.google.common.io.CharStreams                                                : loaded 2 times (x 67B)
Class com.google.common.collect.ImmutableMultiset                                     : loaded 2 times (x 159B)
Class org.objectweb.asm.RecordComponentVisitor                                        : loaded 2 times (x 73B)
Class com.google.common.cache.CacheLoader$SupplierToCacheLoader                       : loaded 2 times (x 71B)
Class org.gradle.util.internal.DefaultGradleVersion$Stage                             : loaded 2 times (x 71B)
Class kotlin.coroutines.jvm.internal.RestrictedContinuationImpl                       : loaded 2 times (x 83B)
Class com.google.common.cache.LocalCache$ComputingValueReference                      : loaded 2 times (x 92B)
Class com.google.common.reflect.TypeToken$1                                           : loaded 2 times (x 106B)
Class org.gradle.tooling.model.Model                                                  : loaded 2 times (x 66B)
Class jdk.internal.jimage.ImageStringsReader                                          : loaded 2 times (x 76B)
Class sync_studio_tooling3371_bizweo2gln0z359s65tqe8vcp                               : loaded 2 times (x 175B)
Class com.google.common.reflect.TypeResolver$TypeTable$1                              : loaded 2 times (x 69B)
Class com.google.common.collect.Maps$EntryTransformer                                 : loaded 2 times (x 66B)
Class jdk.internal.jimage.decompressor.Decompressor                                   : loaded 2 times (x 68B)
Class jdk.internal.jimage.ImageReader$Resource                                        : loaded 2 times (x 80B)
Class [Lkotlin.Pair;                                                                  : loaded 2 times (x 65B)
Class kotlin.text.StringsKt__StringNumberConversionsKt                                : loaded 2 times (x 67B)
Class kotlin.io.FilesKt__FileReadWriteKt                                              : loaded 2 times (x 67B)
Class com.google.common.collect.UsingToStringOrdering                                 : loaded 2 times (x 110B)
Class kotlin.text.MatchNamedGroupCollection                                           : loaded 2 times (x 66B)
Class kotlin.jvm.internal.markers.KMutableList                                        : loaded 2 times (x 66B)
Class org.gradle.internal.time.MonotonicClock                                         : loaded 2 times (x 73B)
Class org.gradle.internal.service.ServiceLookupException                              : loaded 2 times (x 78B)
Class com.google.common.base.Suppliers$SupplierOfInstance                             : loaded 2 times (x 75B)
Class org.objectweb.asm.Edge                                                          : loaded 2 times (x 68B)
Class com.android.builder.model.v2.ide.Variant                                        : loaded 2 times (x 66B)
Class org.objectweb.asm.signature.SignatureReader                                     : loaded 2 times (x 70B)
Class kotlin.collections.MapsKt__MapsKt                                               : loaded 2 times (x 67B)
Class com.google.common.base.CharMatcher$JavaLetter                                   : loaded 2 times (x 107B)
Class kotlin.jvm.internal.Lambda                                                      : loaded 2 times (x 71B)
Class com.google.gson.internal.JsonReaderInternalAccess                               : loaded 2 times (x 68B)
Class [Lcom.google.common.cache.LocalCache$EntryFactory;                              : loaded 2 times (x 65B)
Class jdk.internal.jrtfs.JrtFileAttributes                                            : loaded 2 times (x 79B)
Class [Lkotlin.sequences.Sequence;                                                    : loaded 2 times (x 65B)
Class kotlin.sequences.SequencesKt___SequencesKt$sortedWith$1                         : loaded 2 times (x 71B)
Class org.gradle.internal.classloader.ClassLoaderFactory                              : loaded 2 times (x 66B)
Class com.google.common.util.concurrent.AbstractFuture$AtomicHelper                   : loaded 2 times (x 74B)
Class org.objectweb.asm.SymbolTable$Entry                                             : loaded 2 times (x 70B)
Class com.google.common.io.CharStreams$NullWriter                                     : loaded 2 times (x 95B)
Class com.google.common.io.CharSource$CharSequenceCharSource                          : loaded 2 times (x 82B)
Class com.android.ide.gradle.model.artifacts.impl.ModuleIdentifierImpl                : loaded 2 times (x 72B)
Class com.android.ide.gradle.model.artifacts.builder.AdditionalClassifierArtifactsModelBuilder$ArtifactsPaths: loaded 2 times (x 68B)
Class kotlin.collections.ArrayDeque                                                   : loaded 2 times (x 203B)
Class kotlin.reflect.KFunction                                                        : loaded 2 times (x 66B)
Class com.google.common.base.JdkPattern                                               : loaded 2 times (x 71B)
Class com.android.builder.model.v2.ide.LibraryInfo                                    : loaded 2 times (x 66B)
Class com.google.common.cache.LocalCache$LocalManualCache                             : loaded 2 times (x 95B)
Class com.google.common.io.Files$FileByteSource                                       : loaded 2 times (x 81B)
Class com.google.common.base.CommonPattern                                            : loaded 2 times (x 70B)
Class org.gradle.internal.service.CachingServiceLocator                               : loaded 2 times (x 78B)
Class com.google.common.collect.Interners$InternerBuilder                             : loaded 2 times (x 72B)
Class [Lcom.google.common.reflect.Types$JavaVersion;                                  : loaded 2 times (x 65B)
Class org.gradle.internal.classpath.ClassPath                                         : loaded 2 times (x 66B)
Class kotlin.collections.SetsKt                                                       : loaded 2 times (x 67B)
Class kotlin.text.StringsKt__IndentKt                                                 : loaded 2 times (x 67B)
Class Settings_gradle$1                                                               : loaded 2 times (x 70B)
Class com.google.common.collect.Streams                                               : loaded 2 times (x 67B)
Class com.google.common.collect.AbstractMapBasedMultimap$KeySet                       : loaded 2 times (x 133B)
Class com.google.common.math.IntMath                                                  : loaded 2 times (x 67B)
Class kotlin.collections.AbstractList$SubList                                         : loaded 2 times (x 194B)
Class kotlin.jvm.internal.CallableReference                                           : loaded 2 times (x 102B)
Class com.google.common.cache.CacheBuilder                                            : loaded 2 times (x 68B)
Class com.android.builder.model.v2.AndroidModel                                       : loaded 2 times (x 66B)
Class com.android.builder.model.v2.models.AndroidProject                              : loaded 2 times (x 66B)
Class com.android.builder.model.v2.dsl.SigningConfig                                  : loaded 2 times (x 66B)
Class com.google.common.io.ByteSink                                                   : loaded 2 times (x 72B)
Class com.google.common.cache.RemovalCause                                            : loaded 2 times (x 76B)
Class com.google.common.reflect.Types$TypeVariableInvocationHandler                   : loaded 2 times (x 71B)
Class [Lcom.google.common.collect.HashBiMap$BiEntry;                                  : loaded 2 times (x 65B)
Class com.google.common.collect.MapMakerInternalMap$InternalEntry                     : loaded 2 times (x 66B)
Class kotlin.collections.IntIterator                                                  : loaded 2 times (x 78B)
Class kotlin.ranges.IntRange                                                          : loaded 2 times (x 89B)
Class [Lorg.gradle.api.JavaVersion;                                                   : loaded 2 times (x 65B)
Class org.gradle.tooling.model.idea.IdeaDependencyScope                               : loaded 2 times (x 66B)
Class org.gradle.internal.time.TimeSource                                             : loaded 2 times (x 66B)
Class org.gradle.tooling.model.kotlin.dsl.KotlinDslScriptsModel                       : loaded 2 times (x 66B)
Class kotlin.text.StringsKt__StringsJVMKt                                             : loaded 2 times (x 67B)
Class jdk.internal.jimage.decompressor.ResourceDecompressor                           : loaded 2 times (x 66B)
Class com.google.common.base.ExtraObjectsMethodsForWeb                                : loaded 2 times (x 67B)
Class com.google.common.collect.MapMakerInternalMap$Segment                           : loaded 2 times (x 138B)
Class com.google.common.reflect.TypeToken                                             : loaded 2 times (x 69B)
Class com.google.common.base.Predicates                                               : loaded 2 times (x 67B)
Class org.objectweb.asm.signature.SignatureVisitor                                    : loaded 2 times (x 83B)
Class org.apache.commons.io.IOUtils                                                   : loaded 2 times (x 67B)
Class com.android.builder.model.v2.ide.TestInfo                                       : loaded 2 times (x 66B)
Class com.google.common.base.Equivalence                                              : loaded 2 times (x 78B)
Class sync_studio_tooling9_db9frz8ujni3w6f153ntuw5tc                                  : loaded 2 times (x 175B)
Class org.gradle.internal.classpath.DefaultClassPath$ImmutableUniqueList              : loaded 2 times (x 195B)
Class org.gradle.tooling.internal.gradle.GradleBuildIdentity                          : loaded 2 times (x 66B)
Class kotlin.enums.EnumEntries                                                        : loaded 2 times (x 66B)
Class org.gradle.api.internal.ClassPathRegistry                                       : loaded 2 times (x 66B)
Class kotlin.ranges.ClosedRange                                                       : loaded 2 times (x 66B)
Class com.google.common.primitives.IntsMethodsForWeb                                  : loaded 2 times (x 67B)
Class com.android.builder.model.v2.ide.JavaArtifact                                   : loaded 2 times (x 66B)
Class org.gradle.kotlin.dsl.Accessors377twfxlhpj2n65rquy9ybeqsKt                      : loaded 2 times (x 67B)
Class org.apache.commons.io.output.AbstractByteArrayOutputStream                      : loaded 2 times (x 98B)
Class com.google.common.collect.IndexedImmutableSet$1                                 : loaded 2 times (x 209B)
Class com.android.builder.model.v2.ide.JavaCompileOptions                             : loaded 2 times (x 66B)
Class com.google.common.cache.CacheBuilder$OneWeigher                                 : loaded 2 times (x 78B)
Class com.google.common.collect.ImmutableMultimap$Keys                                : loaded 2 times (x 162B)
Class org.gradle.tooling.internal.adapter.ProtocolToModelAdapter$MixInMappingAction   : loaded 2 times (x 76B)
Class org.gradle.internal.exceptions.ResolutionProvider                               : loaded 2 times (x 66B)
Class com.google.common.reflect.Invokable$ConstructorInvokable                        : loaded 2 times (x 103B)
Class org.apache.commons.io.file.DeleteOption                                         : loaded 2 times (x 66B)
Class com.google.common.collect.Maps$EntryFunction$2                                  : loaded 2 times (x 87B)
Class org.gradle.kotlin.dsl.TestImplementationConfigurationAccessorsKt                : loaded 2 times (x 67B)
Class com.google.common.collect.Maps$EntryFunction                                    : loaded 2 times (x 87B)
Class com.google.common.reflect.Types$ClassOwnership$1LocalClass                      : loaded 2 times (x 67B)
Class jdk.internal.jimage.ImageBufferCache                                            : loaded 2 times (x 67B)
Class jdk.internal.jrtfs.JrtPath                                                      : loaded 2 times (x 114B)
Class kotlin.text.MatchResult$DefaultImpls                                            : loaded 2 times (x 67B)
Class org.gradle.tooling.model.idea.IdeaCompilerOutput                                : loaded 2 times (x 66B)
Class org.gradle.tooling.model.ProjectIdentifier                                      : loaded 2 times (x 66B)
Class org.gradle.internal.classloader.ClasspathUtil                                   : loaded 2 times (x 67B)
Class org.gradle.api.internal.DefaultClassPathRegistry                                : loaded 2 times (x 72B)
Class org.gradle.tooling.internal.gradle.GradleProjectIdentity                        : loaded 2 times (x 66B)
Class com.google.common.cache.RemovalListener                                         : loaded 2 times (x 66B)
Class com.google.common.collect.AbstractMapBasedMultimap$WrappedCollection$WrappedIterator: loaded 2 times (x 80B)
Class com.google.common.base.Present                                                  : loaded 2 times (x 77B)
Class com.google.common.collect.Maps$EntryFunction$1                                  : loaded 2 times (x 87B)
Class com.android.builder.model.v2.ide.ComponentInfo                                  : loaded 2 times (x 66B)
Class com.google.common.base.Charsets                                                 : loaded 2 times (x 67B)
Class com.google.common.util.concurrent.Uninterruptibles                              : loaded 2 times (x 67B)
Class com.android.builder.model.v2.ide.ProjectType                                    : loaded 2 times (x 75B)
Class kotlin.io.FileSystemException                                                   : loaded 2 times (x 78B)
Class com.google.common.collect.ComparisonChain                                       : loaded 2 times (x 76B)
Class com.google.common.base.NullnessCasts                                            : loaded 2 times (x 67B)
Class com.google.common.util.concurrent.AbstractFuture$Cancellation                   : loaded 2 times (x 68B)
Class com.google.common.io.Files$2                                                    : loaded 2 times (x 72B)
Class com.google.common.io.AppendableWriter                                           : loaded 2 times (x 96B)
Class org.apache.commons.io.filefilter.IOFileFilter                                   : loaded 2 times (x 66B)
Class kotlin.sequences.DistinctIterator                                               : loaded 2 times (x 79B)
Class com.google.common.io.CharSource                                                 : loaded 2 times (x 81B)
Class com.android.builder.model.v2.dsl.BaseConfig                                     : loaded 2 times (x 66B)
Class com.google.common.collect.Maps                                                  : loaded 2 times (x 67B)
Class kotlin.sequences.DistinctSequence                                               : loaded 2 times (x 71B)
Class org.gradle.internal.time.TimeSource$1                                           : loaded 2 times (x 73B)
Class kotlin.jvm.internal.DefaultConstructorMarker                                    : loaded 2 times (x 67B)
Class org.gradle.api.specs.Spec                                                       : loaded 2 times (x 66B)
Class jdk.internal.jimage.ImageHeader                                                 : loaded 2 times (x 67B)
Class com.google.gson.stream.JsonReader$1                                             : loaded 2 times (x 68B)
Class com.google.common.cache.Cache                                                   : loaded 2 times (x 66B)
Class com.google.common.cache.LocalCache$Strength                                     : loaded 2 times (x 77B)
Class org.apache.commons.io.file.PathFilter                                           : loaded 2 times (x 66B)
Class com.google.common.reflect.Types$JavaVersion                                     : loaded 2 times (x 79B)
Class com.google.common.collect.MapMaker                                              : loaded 2 times (x 68B)
Class com.google.common.base.Stopwatch                                                : loaded 2 times (x 68B)
Class jdk.internal.jimage.ImageReader$SharedImageReader$LocationVisitor               : loaded 2 times (x 66B)
Class org.apache.commons.io.Charsets                                                  : loaded 2 times (x 67B)
Class org.gradle.api.internal.classpath.UnknownModuleException                        : loaded 2 times (x 78B)
Class kotlin.internal.ProgressionUtilKt                                               : loaded 2 times (x 67B)
Class kotlin.io.FileAlreadyExistsException                                            : loaded 2 times (x 78B)
Class com.google.common.cache.Weigher                                                 : loaded 2 times (x 66B)
Class com.google.common.cache.LocalCache$LoadingValueReference                        : loaded 2 times (x 92B)
Class kotlin.jvm.internal.ArrayIterator                                               : loaded 2 times (x 75B)
Class org.gradle.api.internal.classpath.Module                                        : loaded 2 times (x 66B)
Class kotlin.Function                                                                 : loaded 2 times (x 66B)
Class org.gradle.tooling.internal.gradle.DefaultBuildIdentifier                       : loaded 2 times (x 75B)
Class org.gradle.tooling.internal.adapter.ProtocolToModelAdapter$AdaptingMethodInvoker: loaded 2 times (x 72B)
Class kotlin.collections.SetsKt__SetsJVMKt                                            : loaded 2 times (x 67B)
Class org.apache.commons.io.output.NullOutputStream                                   : loaded 2 times (x 81B)
Class sync_studio_tooling7_69tpgxlj426vsh4cb2fziv8n9                                  : loaded 2 times (x 175B)
Class com.google.common.reflect.Invokable$MethodInvokable                             : loaded 2 times (x 103B)
Class com.google.common.io.LineReader$1                                               : loaded 2 times (x 71B)
Class com.google.common.collect.CollectSpliterators                                   : loaded 2 times (x 67B)
Class com.google.common.collect.AbstractMapBasedMultimap$AsMap                        : loaded 2 times (x 124B)
Class com.google.common.collect.MapMakerInternalMap$StrongKeyDummyValueEntry          : loaded 2 times (x 78B)
Class com.google.common.base.Platform                                                 : loaded 2 times (x 67B)
Class jdk.internal.jimage.decompressor.ResourceDecompressorRepository                 : loaded 2 times (x 67B)
Class kotlin.collections.EmptyIterator                                                : loaded 2 times (x 85B)
Class kotlin.text.StringsKt__RegexExtensionsKt                                        : loaded 2 times (x 67B)
Class org.gradle.internal.time.Clock                                                  : loaded 2 times (x 66B)
Class org.gradle.internal.time.DefaultCountdownTimer                                  : loaded 2 times (x 84B)
Class kotlin.Result$Failure                                                           : loaded 2 times (x 68B)
Class kotlin.collections.ArraysKt__ArraysKt                                           : loaded 2 times (x 67B)
Class com.google.common.math.MathPreconditions                                        : loaded 2 times (x 67B)
Class Build_gradle$2                                                                  : loaded 2 times (x 75B)
Class com.google.common.collect.AbstractMapBasedMultimap$WrappedList                  : loaded 2 times (x 201B)
Class com.android.builder.model.v2.dsl.ProductFlavor                                  : loaded 2 times (x 66B)
Class [Lcom.android.builder.model.v2.ide.TestInfo$Execution;                          : loaded 2 times (x 65B)
Class [Lorg.objectweb.asm.AnnotationWriter;                                           : loaded 2 times (x 65B)
Class com.google.common.collect.Maps$8                                                : loaded 2 times (x 78B)
Class jdk.internal.jimage.ImageReader$Directory                                       : loaded 2 times (x 80B)
Class kotlin.io.FilePathComponents                                                    : loaded 2 times (x 68B)
Class com.google.common.collect.CompoundOrdering                                      : loaded 2 times (x 111B)
Class kotlin.sequences.SequencesKt__SequencesJVMKt                                    : loaded 2 times (x 67B)
Class kotlin.coroutines.jvm.internal.RestrictedSuspendLambda                          : loaded 2 times (x 87B)
Class org.gradle.tooling.internal.adapter.TypeInspector                               : loaded 2 times (x 69B)
Class org.gradle.tooling.internal.adapter.ProtocolToModelAdapter$NoOpDecoration       : loaded 2 times (x 75B)
Class org.gradle.tooling.model.Element                                                : loaded 2 times (x 66B)
Class kotlin.collections.AbstractList                                                 : loaded 2 times (x 193B)
Class kotlin.collections.AbstractCollection                                           : loaded 2 times (x 113B)
Class com.google.common.collect.ArrayListMultimapGwtSerializationDependencies         : loaded 2 times (x 168B)
Class com.google.common.collect.Multiset                                              : loaded 2 times (x 66B)
Class com.android.builder.model.v2.models.ProjectSyncIssues                           : loaded 2 times (x 66B)
Class com.google.common.collect.FluentIterable$3                                      : loaded 2 times (x 77B)
Class org.gradle.tooling.internal.adapter.ProtocolToModelAdapter$PropertyCachingMethodInvoker: loaded 2 times (x 72B)
Class kotlin.ResultKt                                                                 : loaded 2 times (x 67B)
Class com.google.common.base.Predicates$CompositionPredicate                          : loaded 2 times (x 84B)
Class [Lcom.google.common.collect.Iterators$EmptyModifiableIterator;                  : loaded 2 times (x 65B)
Class com.google.common.collect.NullsFirstOrdering                                    : loaded 2 times (x 111B)
Class com.google.common.primitives.Ints                                               : loaded 2 times (x 67B)
Class com.google.common.collect.Sets$SetView                                          : loaded 2 times (x 134B)
Class com.google.common.cache.LocalCache$StrongValueReference                         : loaded 2 times (x 86B)
Class com.google.common.util.concurrent.AbstractFuture$SynchronizedHelper             : loaded 2 times (x 74B)
Class kotlin.text.StringsKt__StringBuilderJVMKt                                       : loaded 2 times (x 67B)
Class kotlin.text.Regex                                                               : loaded 2 times (x 68B)
Class kotlin.sequences.SequencesKt__SequenceBuilderKt$sequence$$inlined$Sequence$1    : loaded 2 times (x 71B)
Class com.android.builder.model.v2.CustomSourceDirectory                              : loaded 2 times (x 66B)
Class com.android.ide.common.repository.AgpVersion                                    : loaded 2 times (x 71B)
Class com.google.common.base.Absent                                                   : loaded 2 times (x 76B)
Class com.google.common.graph.SuccessorsFunction                                      : loaded 2 times (x 66B)
Class [Lcom.google.gson.stream.JsonToken;                                             : loaded 2 times (x 65B)
Class org.objectweb.asm.Type                                                          : loaded 2 times (x 68B)
Class org.gradle.tooling.model.internal.ImmutableDomainObjectSet                      : loaded 2 times (x 151B)
Class org.gradle.internal.classloader.VisitableURLClassLoader$InstrumentingVisitableURLClassLoader: loaded 2 times (x 119B)
Class com.google.common.reflect.Reflection                                            : loaded 2 times (x 67B)
Class com.google.common.collect.FluentIterable$2                                      : loaded 2 times (x 77B)
Class org.gradle.kotlin.dsl.AndroidTestImplementationConfigurationAccessorsKt         : loaded 2 times (x 67B)
Class org.apache.commons.io.FileUtils                                                 : loaded 2 times (x 67B)
Class com.google.common.collect.MapMakerInternalMap$StrongKeyDummyValueEntry$Helper   : loaded 2 times (x 75B)
Class com.google.common.io.Files$FileByteSink                                         : loaded 2 times (x 73B)
Class com.android.builder.model.v2.ide.AndroidGradlePluginProjectFlags                : loaded 2 times (x 66B)
Class [Lcom.android.builder.model.v2.ide.AndroidGradlePluginProjectFlags$BooleanFlag; : loaded 2 times (x 65B)
Class com.android.builder.model.v2.ide.BasicVariant                                   : loaded 2 times (x 66B)
Class org.objectweb.asm.ByteVector                                                    : loaded 2 times (x 75B)
Class [Lcom.google.common.cache.CacheBuilder$NullListener;                            : loaded 2 times (x 65B)
Class com.google.common.math.IntMath$1                                                : loaded 2 times (x 67B)
Class kotlin.comparisons.ComparisonsKt__ComparisonsKt                                 : loaded 2 times (x 67B)
Class kotlin.ranges.RangesKt__RangesKt                                                : loaded 2 times (x 67B)
Class kotlin.collections.SetsKt___SetsKt                                              : loaded 2 times (x 67B)
Class kotlin.sequences.SequencesKt__SequencesKt                                       : loaded 2 times (x 67B)
Class kotlin.coroutines.Continuation                                                  : loaded 2 times (x 66B)
Class org.gradle.internal.classloader.VisitableURLClassLoader$Spec                    : loaded 2 times (x 70B)
Class org.gradle.internal.classpath.DefaultClassPath                                  : loaded 2 times (x 86B)
Class org.gradle.api.internal.classpath.DefaultModuleRegistry$DefaultModule           : loaded 2 times (x 82B)
Class org.gradle.tooling.internal.adapter.ProtocolToModelAdapter$ViewKey              : loaded 2 times (x 68B)
Class jdk.internal.jimage.ImageBufferCache$2                                          : loaded 2 times (x 87B)
Class org.objectweb.asm.FieldVisitor                                                  : loaded 2 times (x 73B)
Class com.google.common.base.Objects                                                  : loaded 2 times (x 67B)
Class com.google.common.collect.FluentIterable$1                                      : loaded 2 times (x 77B)
Class org.gradle.internal.classloader.ClasspathUtil$1                                 : loaded 2 times (x 72B)
Class org.gradle.internal.time.DefaultTimer                                           : loaded 2 times (x 76B)
Class sync_studio_tooling4358_1z9pj7i7utwjkdlq14tleieju                               : loaded 2 times (x 175B)
Class com.google.common.reflect.Types$ClassOwnership                                  : loaded 2 times (x 76B)
Class com.android.builder.model.v2.ide.BundleInfo                                     : loaded 2 times (x 66B)
Class com.android.builder.model.v2.ide.SourceProvider                                 : loaded 2 times (x 66B)
Class org.objectweb.asm.Symbol                                                        : loaded 2 times (x 69B)
Class com.google.common.base.AbstractIterator                                         : loaded 2 times (x 76B)
Class jdk.internal.jimage.decompressor.ZipDecompressorFactory                         : loaded 2 times (x 70B)
Class kotlin.text.CharsKt__CharJVMKt                                                  : loaded 2 times (x 67B)
Class kotlin.sequences.FilteringSequence                                              : loaded 2 times (x 71B)
Class kotlin.comparisons.ComparisonsKt                                                : loaded 2 times (x 67B)
Class kotlin.comparisons.ComparisonsKt___ComparisonsKt                                : loaded 2 times (x 67B)
Class kotlin.coroutines.jvm.internal.BaseContinuationImpl                             : loaded 2 times (x 83B)
Class kotlin.Result$Companion                                                         : loaded 2 times (x 67B)
Class org.gradle.util.internal.DefaultGradleVersion                                   : loaded 2 times (x 80B)
Class kotlin.collections.EmptyList                                                    : loaded 2 times (x 170B)
Class kotlin.collections.MapsKt__MapsJVMKt                                            : loaded 2 times (x 67B)
Class com.google.common.collect.Sets$FilteredSet                                      : loaded 2 times (x 133B)
Class com.google.common.io.Java8Compatibility                                         : loaded 2 times (x 67B)
Class com.google.common.io.Closer                                                     : loaded 2 times (x 74B)
Class com.google.common.base.CharMatcher$Ascii                                        : loaded 2 times (x 108B)
Class kotlin.collections.ArraysKt___ArraysKt$asSequence$$inlined$Sequence$1           : loaded 2 times (x 71B)
Class jdk.internal.jimage.ImageBufferCache$1                                          : loaded 2 times (x 79B)
Class com.google.common.cache.CacheLoader$UnsupportedLoadingOperationException        : loaded 2 times (x 78B)
Class org.gradle.internal.classloader.ClassLoaderSpec                                 : loaded 2 times (x 67B)
Class org.objectweb.asm.ClassWriter                                                   : loaded 2 times (x 102B)
Class com.android.ide.common.gradle.Separator                                         : loaded 2 times (x 75B)
Class com.google.common.collect.AbstractMapBasedMultimap$KeySet$1                     : loaded 2 times (x 78B)
Class com.android.builder.model.v2.ide.AndroidGradlePluginProjectFlags$BooleanFlag    : loaded 2 times (x 75B)
Class org.gradle.internal.InternalTransformer                                         : loaded 2 times (x 66B)
Class com.google.common.io.ByteSource$EmptyByteSource                                 : loaded 2 times (x 81B)
Class org.objectweb.asm.AnnotationWriter                                              : loaded 2 times (x 75B)
Class com.google.common.cache.CacheStats                                              : loaded 2 times (x 67B)
Class kotlin.jvm.internal.FunctionReferenceImpl                                       : loaded 2 times (x 118B)
Class kotlin.collections.CollectionsKt___CollectionsJvmKt                             : loaded 2 times (x 67B)
Class org.gradle.tooling.internal.adapter.ProtocolToModelAdapter                      : loaded 2 times (x 76B)
Class com.google.common.collect.ExplicitOrdering                                      : loaded 2 times (x 111B)
Class jdk.internal.jrtfs.JrtDirectoryStream$1                                         : loaded 2 times (x 79B)
Class jdk.internal.jimage.ImageLocation                                               : loaded 2 times (x 86B)
Class com.google.common.collect.Interners                                             : loaded 2 times (x 67B)
Class com.google.common.io.Closer$Suppressor                                          : loaded 2 times (x 66B)
Class com.google.common.io.LineProcessor                                              : loaded 2 times (x 66B)
Class com.google.common.collect.ImmutableMultisetGwtSerializationDependencies         : loaded 2 times (x 121B)
Class org.objectweb.asm.RecordComponentWriter                                         : loaded 2 times (x 74B)
Class com.google.common.util.concurrent.AbstractFuture$Listener                       : loaded 2 times (x 68B)
Class [Lcom.android.builder.model.v2.ide.ProjectType;                                 : loaded 2 times (x 65B)
Class com.google.common.util.concurrent.UncheckedExecutionException                   : loaded 2 times (x 78B)
Class Settings_gradle$1$1                                                             : loaded 2 times (x 70B)
Class kotlin.TuplesKt                                                                 : loaded 2 times (x 67B)
Class kotlin.jvm.internal.markers.KMutableIterable                                    : loaded 2 times (x 66B)
Class kotlin.sequences.SequencesKt___SequencesJvmKt                                   : loaded 2 times (x 67B)
Class org.gradle.tooling.internal.adapter.ProtocolToModelAdapter$DefaultViewBuilder   : loaded 2 times (x 76B)
Class kotlin.Unit                                                                     : loaded 2 times (x 67B)
Class com.android.builder.model.v2.ide.LibraryType                                    : loaded 2 times (x 75B)
Class [Lcom.android.builder.model.v2.ide.LibraryType;                                 : loaded 2 times (x 65B)
Class com.google.common.io.ByteSink$AsCharSink                                        : loaded 2 times (x 76B)
Class [Lorg.objectweb.asm.Label;                                                      : loaded 2 times (x 65B)
Class [Lcom.android.builder.model.v2.ide.AaptOptions$Namespacing;                     : loaded 2 times (x 65B)
Class com.android.ide.common.gradle.Version$Companion$ParseState                      : loaded 2 times (x 66B)
Class org.objectweb.asm.Attribute                                                     : loaded 2 times (x 73B)
Class com.google.common.base.Supplier                                                 : loaded 2 times (x 66B)
Class kotlin.ranges.RangesKt                                                          : loaded 2 times (x 67B)
Class org.gradle.tooling.internal.adapter.ProtocolToModelAdapter$ViewGraphDetails$1   : loaded 2 times (x 73B)
Class org.gradle.internal.classloader.VisitableURLClassLoader                         : loaded 2 times (x 113B)
Class org.gradle.tooling.internal.adapter.CollectionMapper                            : loaded 2 times (x 69B)
Class org.gradle.tooling.model.kotlin.dsl.KotlinDslScriptModel                        : loaded 2 times (x 66B)
Class kotlin.text.CharsKt                                                             : loaded 2 times (x 67B)
Class kotlin.collections.AbstractIterator                                             : loaded 2 times (x 79B)
Class com.google.common.util.concurrent.AbstractFuture$Trusted                        : loaded 2 times (x 66B)
Class com.google.common.base.Optional                                                 : loaded 2 times (x 76B)
Class com.google.common.io.CharSource$AsByteSource                                    : loaded 2 times (x 81B)
Class kotlin.reflect.KCallable                                                        : loaded 2 times (x 66B)
Class com.android.ide.common.repository.AgpVersion$Companion                          : loaded 2 times (x 67B)
Class com.google.common.util.concurrent.AbstractFuture$Waiter                         : loaded 2 times (x 68B)
Class Settings_gradle                                                                 : loaded 2 times (x 124B)
Class kotlin.collections.ArraysUtilJVM                                                : loaded 2 times (x 67B)
Class kotlin.sequences.FlatteningSequence$iterator$1                                  : loaded 2 times (x 75B)
Class kotlin.jvm.functions.Function0                                                  : loaded 2 times (x 66B)
Class kotlin.io.FilesKt__FilePathComponentsKt                                         : loaded 2 times (x 67B)
Class kotlin.io.TerminateException                                                    : loaded 2 times (x 78B)
Class org.gradle.tooling.model.idea.IdeaDependency                                    : loaded 2 times (x 66B)
Class com.google.common.util.concurrent.AbstractFuture$UnsafeAtomicHelper$1           : loaded 2 times (x 72B)
Class com.android.builder.model.v2.ide.CodeShrinker                                   : loaded 2 times (x 75B)
Class kotlin.collections.CollectionsKt__MutableCollectionsKt                          : loaded 2 times (x 67B)
Class com.google.common.cache.LocalCache$2                                            : loaded 2 times (x 138B)
Class com.google.common.collect.HashBiMap                                             : loaded 2 times (x 139B)
Class com.google.common.collect.MapMakerInternalMap                                   : loaded 2 times (x 157B)
Class com.android.builder.model.v2.ide.AaptOptions                                    : loaded 2 times (x 66B)
Class [Lcom.android.builder.model.v2.ide.BytecodeTransformation;                      : loaded 2 times (x 65B)
Class com.google.common.base.Strings                                                  : loaded 2 times (x 67B)
Class com.android.ide.common.gradle.Version$Companion                                 : loaded 2 times (x 67B)
Class com.google.common.collect.Sets                                                  : loaded 2 times (x 67B)
Class org.objectweb.asm.Handler                                                       : loaded 2 times (x 68B)
Class com.google.common.base.Ticker                                                   : loaded 2 times (x 68B)
Class com.google.common.collect.Sets$ImprovedAbstractSet                              : loaded 2 times (x 131B)
Class jdk.internal.jimage.decompressor.ZipDecompressor                                : loaded 2 times (x 71B)
Class kotlin.collections.AbstractMutableList                                          : loaded 2 times (x 202B)
Class kotlin.jvm.functions.Function1                                                  : loaded 2 times (x 66B)
Class com.android.builder.model.v2.ide.BytecodeTransformation                         : loaded 2 times (x 75B)
Class com.google.common.collect.MapMakerInternalMap$AbstractStrongKeyEntry            : loaded 2 times (x 76B)
Class com.google.common.io.ByteSource$ByteArrayByteSource                             : loaded 2 times (x 81B)
Class com.google.common.reflect.TypeToken$SimpleTypeToken                             : loaded 2 times (x 69B)
Class com.google.common.io.CharSource$StringCharSource                                : loaded 2 times (x 82B)
Class org.gradle.tooling.model.UnsupportedMethodException                             : loaded 2 times (x 78B)
Class sync_studio_tooling3_3qj31dkv2299dbl6333otfzf5                                  : loaded 2 times (x 175B)
Class com.google.common.cache.RemovalCause$1                                          : loaded 2 times (x 76B)
Class com.android.builder.model.v2.models.ndk.NativeModelBuilderParameter             : loaded 2 times (x 66B)
Class [Lcom.google.common.cache.LocalCache$Segment;                                   : loaded 2 times (x 65B)
Class [Lcom.google.common.cache.LocalCache$Strength;                                  : loaded 2 times (x 65B)
Class com.google.common.cache.CacheBuilder$1                                          : loaded 2 times (x 81B)
Class org.gradle.tooling.internal.adapter.ProtocolToModelAdapter$SupportedPropertyInvoker: loaded 2 times (x 72B)
Class kotlin.Pair                                                                     : loaded 2 times (x 68B)
Class kotlin.KotlinNothingValueException                                              : loaded 2 times (x 78B)
Class kotlin.jvm.functions.Function2                                                  : loaded 2 times (x 66B)
Class org.gradle.internal.classpath.DefaultClassPath$ImmutableUniqueList$Builder      : loaded 2 times (x 71B)
Class kotlin.sequences.TransformingSequence$iterator$1                                : loaded 2 times (x 75B)
Class jdk.internal.jrtfs.JrtFileSystemProvider                                        : loaded 2 times (x 97B)
Class com.google.common.collect.Iterators$SingletonIterator                           : loaded 2 times (x 77B)
Class com.google.common.cache.LocalCache$1                                            : loaded 2 times (x 85B)
Class sync_studio_tooling4_4z9ka16q7qjnn2ely5smb4li7                                  : loaded 2 times (x 175B)
Class com.google.common.cache.RemovalCause$2                                          : loaded 2 times (x 76B)
Class com.google.common.collect.MapMakerInternalMap$WeakValueReference                : loaded 2 times (x 66B)
Class com.google.common.collect.SingletonImmutableBiMap                               : loaded 2 times (x 139B)
Class com.google.gson.stream.JsonToken                                                : loaded 2 times (x 75B)
Class com.google.common.cache.LocalCache                                              : loaded 2 times (x 183B)
Class com.google.common.cache.CacheBuilder$2                                          : loaded 2 times (x 75B)
Class com.google.common.base.Ascii                                                    : loaded 2 times (x 67B)
Class kotlin.collections.MapsKt___MapsJvmKt                                           : loaded 2 times (x 67B)
Class org.gradle.tooling.internal.adapter.WeakIdentityHashMap$AbsentValueProvider     : loaded 2 times (x 66B)
Class com.google.common.collect.HashBiMap$BiEntry                                     : loaded 2 times (x 79B)
Class org.apache.commons.io.FileExistsException                                       : loaded 2 times (x 78B)
Class org.gradle.internal.service.ServiceLocator                                      : loaded 2 times (x 66B)
Class kotlin.Result                                                                   : loaded 2 times (x 68B)
Class [Lorg.objectweb.asm.Type;                                                       : loaded 2 times (x 65B)
Class com.google.common.cache.RemovalCause$3                                          : loaded 2 times (x 76B)
Class com.google.common.collect.ArrayListMultimap                                     : loaded 2 times (x 168B)
Class com.google.common.cache.CacheBuilder$3                                          : loaded 2 times (x 68B)
Class com.android.builder.model.v2.ide.TestInfo$Execution                             : loaded 2 times (x 75B)
Class [Lorg.objectweb.asm.Attribute;                                                  : loaded 2 times (x 65B)
Class kotlin.jvm.functions.Function4                                                  : loaded 2 times (x 66B)
Class kotlin.collections.EmptySet                                                     : loaded 2 times (x 118B)
Class kotlin.collections.CollectionsKt___CollectionsKt                                : loaded 2 times (x 67B)
Class kotlin.annotation.Target                                                        : loaded 2 times (x 66B)
Class kotlin.collections.CollectionsKt__IteratorsJVMKt                                : loaded 2 times (x 67B)
Class org.gradle.internal.exceptions.NonGradleCauseExceptionsHolder                   : loaded 2 times (x 66B)
Class org.gradle.tooling.model.idea.IdeaModuleDependency                              : loaded 2 times (x 66B)
Class org.gradle.tooling.internal.adapter.ViewBuilder                                 : loaded 2 times (x 66B)
Class kotlin.comparisons.ComparisonsKt___ComparisonsJvmKt                             : loaded 2 times (x 67B)
Class jdk.internal.jrtfs.SystemImage$2                                                : loaded 2 times (x 72B)
Class com.google.common.base.MoreObjects                                              : loaded 2 times (x 67B)
Class com.google.common.collect.EmptyImmutableListMultimap                            : loaded 2 times (x 172B)
Class com.google.common.reflect.TypeResolver$TypeVariableKey                          : loaded 2 times (x 68B)
Class org.apache.commons.io.output.ByteArrayOutputStream                              : loaded 2 times (x 98B)
Class com.android.ide.gradle.model.artifacts.builder.AdditionalClassifierArtifactsModelBuilder$ArtifactsCollector: loaded 2 times (x 68B)
Class kotlin.enums.EnumEntriesList                                                    : loaded 2 times (x 219B)
Class com.google.common.io.CharSource$EmptyCharSource                                 : loaded 2 times (x 82B)
Class com.google.common.cache.RemovalCause$4                                          : loaded 2 times (x 76B)
Class org.apache.commons.io.StandardLineSeparator                                     : loaded 2 times (x 75B)
Class com.google.common.base.Suppliers$MemoizingSupplier                              : loaded 2 times (x 75B)
Class com.android.builder.model.v2.ide.AndroidLibraryData                             : loaded 2 times (x 66B)
Class com.android.builder.model.v2.ide.ApiVersion                                     : loaded 2 times (x 66B)
Class com.android.ide.common.gradle.Version                                           : loaded 2 times (x 71B)
Class com.google.common.collect.CollectPreconditions                                  : loaded 2 times (x 67B)
Class jdk.internal.jimage.ImageStrings                                                : loaded 2 times (x 66B)
Class gnu.trove.Equality                                                              : loaded 2 times (x 66B)
Class kotlin.text.StringsKt___StringsJvmKt                                            : loaded 2 times (x 67B)
Class kotlin.reflect.KDeclarationContainer                                            : loaded 2 times (x 66B)
Class kotlin.annotation.Retention                                                     : loaded 2 times (x 66B)
Class kotlin.jvm.internal.FunctionBase                                                : loaded 2 times (x 66B)
Class [Lkotlin.coroutines.intrinsics.CoroutineSingletons;                             : loaded 2 times (x 65B)
Class kotlin.jvm.internal.FunctionReference                                           : loaded 2 times (x 118B)
Class jdk.internal.jrtfs.SystemImage$1                                                : loaded 2 times (x 74B)
Class com.google.common.cache.CacheLoader$FunctionToCacheLoader                       : loaded 2 times (x 71B)
Class com.google.common.collect.ImmutableListMultimap                                 : loaded 2 times (x 172B)
Class com.google.common.cache.RemovalCause$5                                          : loaded 2 times (x 76B)
Class com.google.common.collect.Maps$AbstractFilteredMap                              : loaded 2 times (x 123B)
Class [Lcom.google.common.collect.MapMakerInternalMap$Strength;                       : loaded 2 times (x 65B)
Class [Lcom.google.common.io.FileWriteMode;                                           : loaded 2 times (x 65B)
Class com.android.builder.model.v2.models.Versions$Version                            : loaded 2 times (x 66B)
Class com.google.common.collect.SortedMapDifference                                   : loaded 2 times (x 66B)
Class kotlin.io.FilesKt                                                               : loaded 2 times (x 67B)
Class kotlin.collections.MapsKt___MapsKt                                              : loaded 2 times (x 67B)
Class kotlin.collections.ArraysKt___ArraysKt                                          : loaded 2 times (x 67B)
Class com.google.common.reflect.Types$ParameterizedTypeImpl                           : loaded 2 times (x 77B)
Class org.apache.commons.io.output.UnsynchronizedByteArrayOutputStream                : loaded 2 times (x 98B)
Class com.google.common.collect.Maps$IteratorBasedAbstractMap$1                       : loaded 2 times (x 134B)
Class org.gradle.internal.classloader.InstrumentingClassLoader                        : loaded 2 times (x 66B)
Class org.gradle.internal.classpath.TransformedClassPath                              : loaded 2 times (x 92B)
Class Build_gradle$1$1                                                                : loaded 2 times (x 74B)
Class com.google.common.collect.Iterables$4                                           : loaded 2 times (x 77B)
Class com.google.common.collect.MapMakerInternalMap$StrongKeyDummyValueSegment        : loaded 2 times (x 138B)
Class com.google.common.cache.LocalCache$WriteThroughEntry                            : loaded 2 times (x 75B)
Class com.google.common.cache.LocalCache$HashIterator                                 : loaded 2 times (x 82B)
Class com.google.common.io.Files                                                      : loaded 2 times (x 67B)
Class com.google.common.cache.LocalCache$EntryFactory                                 : loaded 2 times (x 79B)
Class gnu.trove.TObjectHashingStrategy                                                : loaded 2 times (x 66B)
Class kotlin.collections.MapsKt__MapWithDefaultKt                                     : loaded 2 times (x 67B)
Class org.gradle.tooling.internal.adapter.ProtocolToModelAdapter$ReflectionMethodInvoker: loaded 2 times (x 72B)
Class kotlin.text.Regex$Companion                                                     : loaded 2 times (x 67B)
Class com.google.common.cache.CacheBuilder$NullListener                               : loaded 2 times (x 78B)
Class org.objectweb.asm.FieldWriter                                                   : loaded 2 times (x 74B)
Class com.google.common.collect.MapMaker$Dummy                                        : loaded 2 times (x 75B)
Class com.google.common.reflect.Invokable                                             : loaded 2 times (x 99B)
Class kotlin.collections.CollectionsKt__CollectionsKt                                 : loaded 2 times (x 67B)
Class sync_studio_tooling5_8ipvy3m7nzsj4ppfakfo24gr2                                  : loaded 2 times (x 175B)
Class Build_gradle$1$2                                                                : loaded 2 times (x 75B)
Class sync_studio_tooling10_1n8t2kl4j8vrfkoqr3tq1qsrb                                 : loaded 2 times (x 175B)
Class com.google.common.collect.Iterables$5                                           : loaded 2 times (x 77B)
Class com.google.common.reflect.Types$NativeTypeVariableEquals                        : loaded 2 times (x 67B)
Class com.google.common.reflect.TypeParameter                                         : loaded 2 times (x 68B)
Class [Lcom.google.common.collect.MapMaker$Dummy;                                     : loaded 2 times (x 65B)
Class com.google.common.base.CharMatcher$Whitespace                                   : loaded 2 times (x 108B)
Class [Lcom.android.ide.common.gradle.Separator;                                      : loaded 2 times (x 65B)
Class com.google.common.cache.LocalCache$AbstractReferenceEntry                       : loaded 2 times (x 103B)
Class com.google.common.base.Splitter$1$1                                             : loaded 2 times (x 82B)
Class kotlin.text.StringsKt___StringsKt                                               : loaded 2 times (x 67B)
Class com.google.common.collect.NullsLastOrdering                                     : loaded 2 times (x 111B)
Class kotlin.collections.CollectionsKt__MutableCollectionsJVMKt                       : loaded 2 times (x 67B)
Class kotlin.collections.ArraysKt___ArraysJvmKt                                       : loaded 2 times (x 67B)
Class kotlin.enums.EnumEntriesKt                                                      : loaded 2 times (x 67B)
Class com.google.common.collect.AllEqualOrdering                                      : loaded 2 times (x 110B)
Class com.google.common.collect.ComparisonChain$1                                     : loaded 2 times (x 77B)
Class kotlin.text.StringsKt__RegexExtensionsJVMKt                                     : loaded 2 times (x 67B)
Class Build_gradle$1$3                                                                : loaded 2 times (x 74B)
Class com.google.common.collect.ImmutableMapKeySet                                    : loaded 2 times (x 148B)
Class com.google.common.base.Splitter$1                                               : loaded 2 times (x 73B)
Class com.android.builder.model.v2.models.VariantDependencies                         : loaded 2 times (x 66B)
Class org.objectweb.asm.SymbolTable                                                   : loaded 2 times (x 68B)
Class com.google.common.cache.CacheLoader$InvalidCacheLoadException                   : loaded 2 times (x 78B)
Class com.google.common.collect.MapDifference                                         : loaded 2 times (x 66B)
Class org.gradle.internal.classloader.SystemClassLoaderSpec                           : loaded 2 times (x 67B)
Class com.google.common.cache.LocalCache$Strength$3                                   : loaded 2 times (x 77B)
Class com.android.builder.model.v2.ide.AbstractArtifact                               : loaded 2 times (x 66B)
Class com.google.common.collect.TransformedIterator                                   : loaded 2 times (x 76B)
Class com.google.common.collect.Interner                                              : loaded 2 times (x 66B)
Class sync_studio_tooling1_d6ulatxh2phioq2sf94oef6ux                                  : loaded 2 times (x 175B)
Class com.google.common.collect.FluentIterable                                        : loaded 2 times (x 77B)
Class com.android.builder.model.v2.ide.TestedTargetVariant                            : loaded 2 times (x 66B)
Class com.google.common.cache.LocalCache$StrongEntry                                  : loaded 2 times (x 104B)
Class com.google.common.util.concurrent.AbstractFuture$TrustedFuture                  : loaded 2 times (x 110B)
Class com.google.common.cache.LoadingCache                                            : loaded 2 times (x 66B)
Class kotlin.ranges.IntRange$Companion                                                : loaded 2 times (x 67B)
Class kotlin.text.MatcherMatchResult$groups$1                                         : loaded 2 times (x 147B)
Class kotlin.collections.EmptyMap                                                     : loaded 2 times (x 105B)
Class kotlin.reflect.KAnnotatedElement                                                : loaded 2 times (x 66B)
Class kotlin.jvm.internal.markers.KMutableCollection                                  : loaded 2 times (x 66B)
Class kotlin.coroutines.intrinsics.IntrinsicsKt                                       : loaded 2 times (x 67B)
Class org.gradle.internal.exceptions.MultiCauseException                              : loaded 2 times (x 66B)
Class org.gradle.internal.time.CountdownTimer                                         : loaded 2 times (x 66B)
Class kotlin.jvm.internal.Intrinsics                                                  : loaded 2 times (x 67B)
Class com.google.common.collect.Interners$InternerImpl                                : loaded 2 times (x 71B)
Class org.objectweb.asm.Handle                                                        : loaded 2 times (x 68B)
Class com.google.common.io.ByteStreams                                                : loaded 2 times (x 67B)
Class [Lcom.google.common.collect.Maps$EntryFunction;                                 : loaded 2 times (x 65B)
Class org.gradle.tooling.model.Dependency                                             : loaded 2 times (x 66B)
Class org.gradle.kotlin.dsl.ImplementationConfigurationAccessorsKt                    : loaded 2 times (x 67B)
Class com.google.common.io.ByteStreams$LimitedInputStream                             : loaded 2 times (x 88B)
Class com.google.common.base.Suppliers$NonSerializableMemoizingSupplier               : loaded 2 times (x 75B)
Class org.objectweb.asm.MethodWriter                                                  : loaded 2 times (x 102B)
Class [Lcom.google.common.cache.Weigher;                                              : loaded 2 times (x 65B)
Class org.gradle.api.JavaVersion                                                      : loaded 2 times (x 75B)
Class jdk.internal.jrtfs.JrtFileSystem                                                : loaded 2 times (x 98B)
Class kotlin.sequences.SequencesKt__SequencesKt$flatten$1                             : loaded 2 times (x 74B)
Class kotlin.collections.MapsKt                                                       : loaded 2 times (x 67B)
Class kotlin.collections.CollectionsKt__IterablesKt                                   : loaded 2 times (x 67B)
Class kotlin.coroutines.intrinsics.CoroutineSingletons                                : loaded 2 times (x 75B)
Class org.gradle.tooling.model.ProjectModel                                           : loaded 2 times (x 66B)
Class com.google.common.cache.LocalCache$Strength$2                                   : loaded 2 times (x 77B)
Class com.google.common.util.concurrent.SettableFuture                                : loaded 2 times (x 110B)
Class com.google.common.reflect.Types$ClassOwnership$3                                : loaded 2 times (x 67B)
Class org.apache.commons.io.output.QueueOutputStream                                  : loaded 2 times (x 83B)
Class com.google.common.collect.Collections2$FilteredCollection                       : loaded 2 times (x 115B)
Class com.google.common.cache.LocalCache$Strength$1                                   : loaded 2 times (x 77B)
Class com.google.common.collect.AbstractMapBasedMultimap$RandomAccessWrappedList      : loaded 2 times (x 201B)
Class com.google.common.collect.ImmutableMultimap$1                                   : loaded 2 times (x 78B)
Class com.android.ide.common.gradle.Version$Companion$ParseState$EMPTY                : loaded 2 times (x 70B)
Class jdk.internal.jimage.decompressor.CompressedResourceHeader                       : loaded 2 times (x 67B)
Class kotlin.ranges.OpenEndRange                                                      : loaded 2 times (x 66B)
Class kotlin.sequences.SequenceBuilderIterator                                        : loaded 2 times (x 81B)
Class kotlin.KotlinNullPointerException                                               : loaded 2 times (x 79B)
Class org.objectweb.asm.ModuleVisitor                                                 : loaded 2 times (x 77B)
Class com.google.common.collect.Sets$4                                                : loaded 2 times (x 135B)
Class com.google.common.collect.MapMakerInternalMap$StrongValueEntry                  : loaded 2 times (x 66B)
Class sync_studio_tooling11_6jnxoteg3spgo8citosec4d3v                                 : loaded 2 times (x 175B)
Class com.google.common.collect.AbstractIterator$State                                : loaded 2 times (x 75B)
Class com.google.common.reflect.Types$JavaVersion$1                                   : loaded 2 times (x 79B)
Class com.google.common.collect.ImmutableMultimap$2                                   : loaded 2 times (x 77B)
Class com.android.ide.common.repository.AgpVersion$Companion$WhenMappings             : loaded 2 times (x 67B)
Class com.google.common.collect.RegularImmutableBiMap                                 : loaded 2 times (x 145B)
Class com.google.common.cache.LocalCache$ValueReference                               : loaded 2 times (x 66B)
Class com.google.common.io.ByteArrayDataInput                                         : loaded 2 times (x 66B)
Class com.google.common.reflect.TypeResolver                                          : loaded 2 times (x 68B)
Class kotlin.sequences.SequencesKt__SequencesKt$flatten$3                             : loaded 2 times (x 74B)
Class kotlin.ranges.RangesKt___RangesKt                                               : loaded 2 times (x 67B)
Class org.gradle.tooling.model.idea.IdeaLanguageLevel                                 : loaded 2 times (x 66B)
Class org.gradle.tooling.internal.adapter.ProtocolToModelAdapter$SafeMethodInvoker    : loaded 2 times (x 72B)
Class org.gradle.tooling.internal.adapter.WeakIdentityHashMap$WeakKey                 : loaded 2 times (x 75B)
Class org.gradle.internal.exceptions.DefaultMultiCauseException                       : loaded 2 times (x 91B)
Class com.google.common.reflect.Types$ClassOwnership$2                                : loaded 2 times (x 76B)
Class org.gradle.internal.service.UnknownServiceException                             : loaded 2 times (x 79B)
Class kotlin.collections.CollectionsKt___CollectionsKt$asSequence$$inlined$Sequence$1 : loaded 2 times (x 71B)
Class com.google.common.reflect.Types$JavaVersion$2                                   : loaded 2 times (x 79B)
Class com.google.common.reflect.Types                                                 : loaded 2 times (x 67B)
Class com.google.common.hash.PrimitiveSink                                            : loaded 2 times (x 66B)
Class com.android.builder.model.v2.ide.ProjectInfo                                    : loaded 2 times (x 66B)
Class com.google.common.base.PatternCompiler                                          : loaded 2 times (x 66B)
Class com.google.common.util.concurrent.AbstractFuture$Failure                        : loaded 2 times (x 68B)
Class com.google.common.base.Equivalence$Equals                                       : loaded 2 times (x 78B)
Class com.google.common.collect.Hashing                                               : loaded 2 times (x 67B)
Class jdk.internal.jrtfs.SystemImage                                                  : loaded 2 times (x 70B)
Class kotlin.text.CharsKt__CharKt                                                     : loaded 2 times (x 67B)
Class kotlin.collections.ArraysKt                                                     : loaded 2 times (x 67B)
Class kotlin.collections.ArrayDeque$Companion                                         : loaded 2 times (x 67B)
Class org.gradle.tooling.model.HierarchicalElement                                    : loaded 2 times (x 66B)
Class com.google.common.base.AbstractIterator$State                                   : loaded 2 times (x 75B)
Class com.google.common.cache.LocalCache$LocalLoadingCache                            : loaded 2 times (x 130B)
Class com.google.common.util.concurrent.AbstractFuture$SafeAtomicHelper               : loaded 2 times (x 75B)
Class com.google.common.collect.Sets$3                                                : loaded 2 times (x 135B)
Class [Lorg.objectweb.asm.AnnotationVisitor;                                          : loaded 2 times (x 65B)
Class com.google.common.collect.MapMakerInternalMap$Strength$2                        : loaded 2 times (x 76B)
Class com.google.common.reflect.Types$ClassOwnership$1                                : loaded 2 times (x 76B)
Class org.gradle.api.internal.ClassPathProvider                                       : loaded 2 times (x 66B)
Class [Lorg.apache.commons.io.file.DeleteOption;                                      : loaded 2 times (x 65B)
Class com.google.common.reflect.Types$JavaVersion$3                                   : loaded 2 times (x 79B)
Class [Lorg.gradle.api.internal.ClassPathProvider;                                    : loaded 2 times (x 65B)
Class com.google.common.io.CharSink                                                   : loaded 2 times (x 75B)
Class com.android.builder.model.v2.dsl.DependenciesInfo                               : loaded 2 times (x 66B)
Class org.gradle.tooling.ToolingModelContract                                         : loaded 2 times (x 66B)
Class org.objectweb.asm.Label                                                         : loaded 2 times (x 69B)
Class org.objectweb.asm.CurrentFrame                                                  : loaded 2 times (x 69B)
Class org.objectweb.asm.ClassTooLargeException                                        : loaded 2 times (x 79B)
Class com.google.gson.stream.JsonReader                                               : loaded 2 times (x 93B)
Class kotlin.sequences.Sequence                                                       : loaded 2 times (x 66B)
Class kotlin.sequences.SequenceScope                                                  : loaded 2 times (x 69B)
Class com.google.common.collect.ByFunctionOrdering                                    : loaded 2 times (x 111B)
Class kotlin.collections.SetsKt__SetsKt                                               : loaded 2 times (x 67B)
Class kotlin.coroutines.EmptyCoroutineContext                                         : loaded 2 times (x 73B)
Class org.gradle.internal.time.Time                                                   : loaded 2 times (x 67B)
Class kotlin.text.MatchResult                                                         : loaded 2 times (x 66B)
Class com.google.common.collect.NaturalOrdering                                       : loaded 2 times (x 111B)
Class kotlin.text.StringsKt__StringNumberConversionsJVMKt                             : loaded 2 times (x 67B)
Class com.google.common.collect.Sets$2                                                : loaded 2 times (x 135B)
Class com.android.builder.model.v2.models.BasicAndroidProject                         : loaded 2 times (x 66B)
Class com.google.common.collect.Maps$ViewCachingAbstractMap                           : loaded 2 times (x 121B)
Class com.google.common.collect.MapMakerInternalMap$Strength$1                        : loaded 2 times (x 76B)
Class sync_studio_tooling2_3lpftwgqx477ziztjqos3s6ql                                  : loaded 2 times (x 175B)
Class com.google.common.reflect.Types$JavaVersion$4                                   : loaded 2 times (x 79B)
Class com.google.common.io.ByteSource$AsCharSource                                    : loaded 2 times (x 82B)
Class com.google.common.collect.MapMakerInternalMap$InternalEntryHelper               : loaded 2 times (x 66B)
Class com.google.common.collect.Maps$IteratorBasedAbstractMap                         : loaded 2 times (x 121B)
Class [Lcom.google.common.base.Function;                                              : loaded 2 times (x 65B)
Class com.google.common.collect.Table                                                 : loaded 2 times (x 66B)
Class com.android.ide.common.repository.AgpVersion$PreviewKind                        : loaded 2 times (x 75B)
Class com.android.builder.model.v2.models.ProjectGraph                                : loaded 2 times (x 66B)
Class com.android.ide.common.gradle.Version$Companion$ParseState$NUMERIC              : loaded 2 times (x 70B)
Class com.google.common.io.CharSource$ConcatenatedCharSource                          : loaded 2 times (x 82B)
Class org.objectweb.asm.Frame                                                         : loaded 2 times (x 69B)
Class org.objectweb.asm.MethodVisitor                                                 : loaded 2 times (x 101B)
Class com.google.common.cache.LocalCache$EntryFactory$1                               : loaded 2 times (x 79B)
Class [Lcom.google.common.cache.RemovalListener;                                      : loaded 2 times (x 65B)
Class org.gradle.api.internal.DefaultClassPathProvider                                : loaded 2 times (x 72B)
Class com.google.common.collect.ComparatorOrdering                                    : loaded 2 times (x 111B)
Class kotlin.collections.ArraysKt__ArraysJVMKt                                        : loaded 2 times (x 67B)
Class kotlin.jvm.internal.ArrayIteratorKt                                             : loaded 2 times (x 67B)
Class com.google.common.base.Splitter                                                 : loaded 2 times (x 68B)
Class org.objectweb.asm.AnnotationVisitor                                             : loaded 2 times (x 74B)
Class com.google.common.collect.Sets$1                                                : loaded 2 times (x 135B)
Class com.android.ide.common.gradle.Numeric                                           : loaded 2 times (x 73B)
Class com.android.ide.gradle.model.artifacts.impl.AdditionalClassifierArtifactsImpl   : loaded 2 times (x 74B)
Class com.android.ide.gradle.model.artifacts.builder.SourcesCompatibilityRule         : loaded 2 times (x 72B)
Class com.google.common.cache.LocalCache$WeakValueReference                           : loaded 2 times (x 93B)
Class com.google.common.reflect.Types$JavaVersion$5                                   : loaded 2 times (x 67B)
Class [Lcom.google.common.reflect.Types$ClassOwnership;                               : loaded 2 times (x 65B)
Class com.google.common.collect.Iterators$EmptyModifiableIterator                     : loaded 2 times (x 82B)
Class com.google.common.cache.LocalCache$EntryFactory$2                               : loaded 2 times (x 79B)
Class kotlin.text.StringsKt__StringBuilderKt                                          : loaded 2 times (x 67B)
Class kotlin.jvm.internal.CallableReference$NoReceiver                                : loaded 2 times (x 67B)
Class org.gradle.api.internal.classpath.GlobalCacheRootsProvider                      : loaded 2 times (x 66B)
Class com.google.common.collect.ImmutableSet$SerializedForm                           : loaded 2 times (x 69B)
Class org.gradle.tooling.internal.gradle.DefaultProjectIdentifier                     : loaded 2 times (x 82B)
Class kotlin.text.StringsKt__AppendableKt                                             : loaded 2 times (x 67B)
Class com.google.common.collect.ImmutableEnumMap                                      : loaded 2 times (x 122B)
Class com.google.common.collect.ListMultimap                                          : loaded 2 times (x 66B)
Class com.android.builder.model.v2.models.AndroidDsl                                  : loaded 2 times (x 66B)
Class com.google.common.collect.CollectSpliterators$1WithCharacteristics              : loaded 2 times (x 86B)
Class org.apache.commons.io.output.StringBuilderWriter                                : loaded 2 times (x 96B)
Class com.google.common.collect.CollectCollectors                                     : loaded 2 times (x 67B)
Class org.objectweb.asm.ModuleWriter                                                  : loaded 2 times (x 78B)
Class com.google.common.cache.LocalCache$EntryFactory$3                               : loaded 2 times (x 79B)
Class com.google.common.base.Ticker$1                                                 : loaded 2 times (x 68B)
Class com.google.common.collect.Maps$BiMapConverter                                   : loaded 2 times (x 86B)
Class [Lorg.apache.commons.io.StandardLineSeparator;                                  : loaded 2 times (x 65B)
Class sync_studio_tooling_ch1taywegqub5di2kxv18zzc3                                   : loaded 2 times (x 175B)
Class kotlin.NoWhenBranchMatchedException                                             : loaded 2 times (x 78B)
Class org.gradle.tooling.model.BuildIdentifier                                        : loaded 2 times (x 66B)
Class org.gradle.api.internal.classpath.EffectiveClassPath                            : loaded 2 times (x 86B)
Class kotlin.sequences.SequencesKt___SequencesKt$flatMap$2                            : loaded 2 times (x 121B)
Class com.google.common.collect.Ordering                                              : loaded 2 times (x 110B)
Class com.google.common.collect.CollectSpliterators$1                                 : loaded 2 times (x 86B)
Class [Lcom.android.ide.common.repository.AgpVersion$PreviewKind;                     : loaded 2 times (x 65B)
Class com.android.builder.model.v2.ide.VectorDrawablesOptions                         : loaded 2 times (x 66B)
Class com.google.common.cache.LocalCache$EntryFactory$4                               : loaded 2 times (x 79B)
Class org.gradle.internal.classloader.ClassLoaderVisitor                              : loaded 2 times (x 72B)
Class kotlin.collections.AbstractList$Companion                                       : loaded 2 times (x 67B)
Class kotlin.sequences.SequencesKt___SequencesKt                                      : loaded 2 times (x 67B)
Class kotlin.text.MatcherMatchResult$groupValues$1                                    : loaded 2 times (x 194B)
Class com.google.common.collect.ReverseNaturalOrdering                                : loaded 2 times (x 110B)
Class com.google.common.base.CharMatcher$None                                         : loaded 2 times (x 108B)
Class com.google.common.io.ByteSource$ConcatenatedByteSource                          : loaded 2 times (x 81B)
Class com.google.common.io.ByteStreams$1                                              : loaded 2 times (x 81B)
Class com.android.builder.model.v2.ide.Edge                                           : loaded 2 times (x 66B)
Class com.android.builder.model.v2.models.VariantDependenciesFlatList                 : loaded 2 times (x 66B)
Class com.google.common.cache.LocalCache$EntryFactory$5                               : loaded 2 times (x 79B)
Class com.google.common.collect.ReverseOrdering                                       : loaded 2 times (x 111B)
Class org.gradle.tooling.model.build.JavaEnvironment                                  : loaded 2 times (x 66B)
Class org.apache.commons.io.file.PathUtils                                            : loaded 2 times (x 67B)
Class [Lcom.google.common.collect.AbstractIterator$State;                             : loaded 2 times (x 65B)
Class org.gradle.internal.classloader.DefaultClassLoaderFactory                       : loaded 2 times (x 78B)
Class com.google.common.base.Suppliers                                                : loaded 2 times (x 67B)
Class org.apache.commons.io.output.AppendableWriter                                   : loaded 2 times (x 96B)
Class com.android.builder.model.v2.ide.SourceSetContainer                             : loaded 2 times (x 66B)
Class com.google.common.cache.LocalCache$EntryFactory$6                               : loaded 2 times (x 79B)
Class org.gradle.internal.time.Timer                                                  : loaded 2 times (x 66B)
Class kotlin.jvm.internal.markers.KMappedMarker                                       : loaded 2 times (x 66B)
Class org.gradle.internal.installation.CurrentGradleInstallationLocator               : loaded 2 times (x 67B)
Class [Lcom.google.common.cache.CacheBuilder$OneWeigher;                              : loaded 2 times (x 65B)
Class org.objectweb.asm.MethodTooLargeException                                       : loaded 2 times (x 79B)
Class org.apache.commons.io.output.ThresholdingOutputStream                           : loaded 2 times (x 91B)
Class com.google.common.io.ByteSource$SlicedByteSource                                : loaded 2 times (x 81B)
Class org.objectweb.asm.ClassReader                                                   : loaded 2 times (x 90B)
Class com.google.common.collect.ImmutableMultimap$Builder                             : loaded 2 times (x 82B)
Class com.android.builder.model.v2.ide.LintOptions                                    : loaded 2 times (x 66B)
Class com.google.common.collect.Maps$KeySet                                           : loaded 2 times (x 133B)
Class com.google.common.cache.LocalCache$EntryFactory$7                               : loaded 2 times (x 79B)
Class com.google.common.collect.ImmutableSet$EmptySetBuilderImpl                      : loaded 2 times (x 72B)
Class com.google.common.base.Platform$JdkPatternCompiler                              : loaded 2 times (x 71B)
Class org.gradle.tooling.internal.adapter.ProtocolToModelAdapter$ViewGraphDetails     : loaded 2 times (x 68B)
Class org.gradle.tooling.model.idea.IdeaProject                                       : loaded 2 times (x 66B)
Class org.gradle.tooling.model.DomainObjectSet                                        : loaded 2 times (x 66B)
Class org.gradle.internal.service.DefaultServiceLocator                               : loaded 2 times (x 79B)
Class com.google.common.collect.MapMakerInternalMap$Strength                          : loaded 2 times (x 76B)
Class com.google.common.collect.MapMakerInternalMap$StrongKeyDummyValueEntry$LinkedStrongKeyDummyValueEntry: loaded 2 times (x 78B)
Class org.gradle.internal.operations.MultipleBuildOperationFailures                   : loaded 2 times (x 91B)
Class org.gradle.tooling.internal.adapter.MethodInvocation                            : loaded 2 times (x 81B)
Class kotlin.sequences.TransformingSequence                                           : loaded 2 times (x 71B)
Class jdk.internal.jimage.decompressor.StringSharingDecompressorFactory               : loaded 2 times (x 70B)
Class org.objectweb.asm.ClassVisitor                                                  : loaded 2 times (x 84B)
Class com.google.common.cache.LocalCache$SoftValueReference                           : loaded 2 times (x 93B)
Class com.google.common.collect.Maps$EntrySet                                         : loaded 2 times (x 132B)
Class com.google.common.collect.ImmutableMultimap$EntryCollection                     : loaded 2 times (x 124B)
Class com.android.builder.model.v2.ide.BasicArtifact                                  : loaded 2 times (x 66B)
Class com.google.common.cache.LocalCache$EntryFactory$8                               : loaded 2 times (x 79B)
Class [Lorg.objectweb.asm.Symbol;                                                     : loaded 2 times (x 65B)
Class jdk.internal.jrtfs.JrtDirectoryStream                                           : loaded 2 times (x 85B)
Class com.google.common.collect.ComparisonChain$InactiveComparisonChain               : loaded 2 times (x 76B)
Class kotlin.coroutines.jvm.internal.SuspendFunction                                  : loaded 2 times (x 66B)
Class org.gradle.util.GradleVersion                                                   : loaded 2 times (x 79B)
Class org.gradle.internal.installation.CurrentGradleInstallation                      : loaded 2 times (x 69B)
Class com.android.utils.FileUtils                                                     : loaded 2 times (x 67B)
Class com.android.builder.model.v2.ide.AaptOptions$Namespacing                        : loaded 2 times (x 75B)
Class com.google.common.collect.TransformedListIterator                               : loaded 2 times (x 89B)
Class com.google.common.reflect.TypeCapture                                           : loaded 2 times (x 67B)
Class com.google.common.cache.LocalCache$Values                                       : loaded 2 times (x 114B)
Class org.gradle.tooling.internal.adapter.TargetTypeProvider                          : loaded 2 times (x 66B)
Class kotlin.ranges.IntProgression$Companion                                          : loaded 2 times (x 67B)
Class org.objectweb.asm.Opcodes                                                       : loaded 2 times (x 66B)
Class com.google.common.cache.CacheLoader$1                                           : loaded 2 times (x 71B)
Class com.google.gson.stream.MalformedJsonException                                   : loaded 2 times (x 78B)
Class com.android.builder.model.v2.ide.AndroidArtifact                                : loaded 2 times (x 66B)
Class kotlin.jvm.internal.Ref$BooleanRef                                              : loaded 2 times (x 67B)
Class kotlin.jvm.internal.StringCompanionObject                                       : loaded 2 times (x 67B)
Class kotlin.coroutines.intrinsics.IntrinsicsKt__IntrinsicsJvmKt                      : loaded 2 times (x 67B)
Class kotlin.coroutines.jvm.internal.CoroutineStackFrame                              : loaded 2 times (x 66B)
Class org.gradle.tooling.internal.adapter.ProtocolToModelAdapter$MethodInvocationCache$MethodInvocationKey: loaded 2 times (x 69B)
Class org.gradle.util.internal.GUtil                                                  : loaded 2 times (x 67B)
Class com.google.common.io.ByteArrayDataOutput                                        : loaded 2 times (x 66B)
Class org.gradle.api.internal.classpath.ManifestUtil                                  : loaded 2 times (x 67B)
Class org.gradle.tooling.internal.adapter.ProtocolToModelAdapter$InvocationHandlerImpl: loaded 2 times (x 73B)
Class org.gradle.tooling.model.build.GradleEnvironment                                : loaded 2 times (x 66B)
Class com.google.common.util.concurrent.ExecutionError                                : loaded 2 times (x 78B)
Class com.google.common.collect.ImmutableEnumSet                                      : loaded 2 times (x 142B)
Class com.android.builder.model.v2.models.VariantDependenciesAdjacencyList            : loaded 2 times (x 66B)
Class com.google.common.collect.AbstractMapBasedMultimap$WrappedCollection            : loaded 2 times (x 120B)
Class [Lcom.google.common.cache.RemovalCause;                                         : loaded 2 times (x 65B)
Class com.google.common.io.ByteSource                                                 : loaded 2 times (x 80B)
Class com.google.common.util.concurrent.AbstractFuture$SetFuture                      : loaded 2 times (x 71B)
Class com.android.utils.StringHelper                                                  : loaded 2 times (x 67B)
Class com.google.common.cache.AbstractCache$StatsCounter                              : loaded 2 times (x 66B)
Class kotlin.io.NoSuchFileException                                                   : loaded 2 times (x 78B)
Class kotlin.collections.CollectionsKt                                                : loaded 2 times (x 67B)
Class org.gradle.internal.classloader.ClassLoaderHierarchy                            : loaded 2 times (x 66B)
Class kotlin.sequences.SequencesKt__SequenceBuilderKt                                 : loaded 2 times (x 67B)
Class com.google.common.reflect.Types$TypeVariableImpl                                : loaded 2 times (x 68B)
Class org.objectweb.asm.Context                                                       : loaded 2 times (x 68B)
Class com.google.common.io.LineBuffer                                                 : loaded 2 times (x 71B)
Class com.google.common.collect.MapMakerInternalMap$1                                 : loaded 2 times (x 79B)
Class com.android.builder.model.v2.dsl.BuildType                                      : loaded 2 times (x 66B)
Class kotlin.collections.CollectionsKt__ReversedViewsKt                               : loaded 2 times (x 67B)
Class kotlin.jvm.internal.CollectionToArray                                           : loaded 2 times (x 67B)
Class kotlin.ranges.IntProgressionIterator                                            : loaded 2 times (x 78B)
Class kotlin.coroutines.CoroutineContext                                              : loaded 2 times (x 66B)
Class kotlin.coroutines.jvm.internal.DebugProbesKt                                    : loaded 2 times (x 67B)
Class org.gradle.tooling.internal.adapter.WeakIdentityHashMap                         : loaded 2 times (x 72B)
Class org.gradle.tooling.GradleConnectionException                                    : loaded 2 times (x 79B)
Class org.gradle.tooling.internal.adapter.ProtocolToModelAdapter$1                    : loaded 2 times (x 71B)
Class org.gradle.tooling.internal.adapter.ProtocolToModelAdapter$ViewDecoration       : loaded 2 times (x 66B)
Class org.gradle.internal.installation.GradleInstallation                             : loaded 2 times (x 71B)
Class kotlin.io.FilesKt__FileTreeWalkKt                                               : loaded 2 times (x 67B)
Class kotlin.sequences.FilteringSequence$iterator$1                                   : loaded 2 times (x 75B)
Class jdk.internal.jimage.BasicImageReader                                            : loaded 2 times (x 91B)
Class [Lcom.google.common.base.AbstractIterator$State;                                : loaded 2 times (x 65B)
Class com.google.common.io.FileWriteMode                                              : loaded 2 times (x 75B)
Class [Lcom.google.common.collect.MapMakerInternalMap$Segment;                        : loaded 2 times (x 65B)
Class com.google.common.base.Splitter$Strategy                                        : loaded 2 times (x 66B)
Class jdk.internal.jimage.decompressor.ResourceDecompressor$StringsProvider           : loaded 2 times (x 66B)
Class com.google.common.collect.ForwardingCollection                                  : loaded 2 times (x 126B)
Class com.google.common.collect.LexicographicalOrdering                               : loaded 2 times (x 111B)
Class org.gradle.tooling.internal.adapter.MethodInvoker                               : loaded 2 times (x 66B)
Class com.google.common.cache.LocalCache$ValueIterator                                : loaded 2 times (x 82B)
Class org.gradle.internal.classloader.FilteringClassLoader                            : loaded 2 times (x 101B)
Class kotlin.NotImplementedError                                                      : loaded 2 times (x 78B)
Class kotlin.sequences.FlatteningSequence                                             : loaded 2 times (x 71B)
Class kotlin.text.MatcherMatchResult                                                  : loaded 2 times (x 76B)
Class kotlin.text.MatchGroupCollection                                                : loaded 2 times (x 66B)
Class kotlin.text.StringsKt__StringsKt                                                : loaded 2 times (x 67B)
Class com.google.common.base.PairwiseEquivalence                                      : loaded 2 times (x 79B)
Class com.google.common.base.Equivalence$Identity                                     : loaded 2 times (x 78B)
Class com.android.builder.model.v2.ide.ViewBindingOptions                             : loaded 2 times (x 66B)
Class com.google.common.io.LineReader                                                 : loaded 2 times (x 68B)
Class com.android.ide.common.gradle.Part                                              : loaded 2 times (x 73B)
Class org.apache.commons.io.CloseableURLConnection                                    : loaded 2 times (x 112B)
Class kotlin.ranges.IntProgression                                                    : loaded 2 times (x 77B)
Class kotlin.jvm.KotlinReflectionNotSupportedError                                    : loaded 2 times (x 78B)
Class org.gradle.tooling.model.gradle.GradleScript                                    : loaded 2 times (x 66B)

---------------  S Y S T E M  ---------------

OS:
 Windows 11 , 64 bit Build 22621 (10.0.22621.5415)
OS uptime: 1 days 9:46 hours
Hyper-V role detected

CPU: total 12 (initial active 12) (6 cores per cpu, 2 threads per core) family 6 model 154 stepping 3 microcode 0x432, cx8, cmov, fxsr, ht, mmx, 3dnowpref, sse, sse2, sse3, ssse3, sse4.1, sse4.2, popcnt, lzcnt, tsc, tscinvbit, avx, avx2, aes, erms, clmul, bmi1, bmi2, adx, sha, fma, vzeroupper, clflush, clflushopt, clwb, hv, serialize, rdtscp, rdpid, fsrm, f16c, cet_ibt, cet_ss
Processor Information for processor 0
  Max Mhz: 2000, Current Mhz: 2000, Mhz Limit: 2000
Processor Information for processor 1
  Max Mhz: 2000, Current Mhz: 2000, Mhz Limit: 2000
Processor Information for processor 2
  Max Mhz: 2000, Current Mhz: 2000, Mhz Limit: 2000
Processor Information for processor 3
  Max Mhz: 2000, Current Mhz: 2000, Mhz Limit: 2000
Processor Information for processor 4
  Max Mhz: 2000, Current Mhz: 2000, Mhz Limit: 2000
Processor Information for processor 5
  Max Mhz: 2000, Current Mhz: 2000, Mhz Limit: 2000
Processor Information for processor 6
  Max Mhz: 2000, Current Mhz: 2000, Mhz Limit: 2000
Processor Information for processor 7
  Max Mhz: 2000, Current Mhz: 2000, Mhz Limit: 2000
Processor Information for processor 8
  Max Mhz: 2000, Current Mhz: 1500, Mhz Limit: 1500
Processor Information for processor 9
  Max Mhz: 2000, Current Mhz: 1500, Mhz Limit: 1500
Processor Information for processor 10
  Max Mhz: 2000, Current Mhz: 1500, Mhz Limit: 1500
Processor Information for processor 11
  Max Mhz: 2000, Current Mhz: 1500, Mhz Limit: 1500

Memory: 4k page, system-wide physical 16052M (519M free)
TotalPageFile size 20058M (AvailPageFile size 93M)
current process WorkingSet (physical memory assigned to process): 1873M, peak: 1933M
current process commit charge ("private bytes"): 2038M, peak: 2269M

vm_info: OpenJDK 64-Bit Server VM (21.0.6+-13368085-b895.109) for windows-amd64 JRE (21.0.6+-13368085-b895.109), built on 2025-04-16T17:01:31Z by "builder" with MS VC++ 16.10 / 16.11 (VS2019)

END.
